"Rank","Movie","Worldwide Lifetime Gross","Domestic Lifetime Gross","Domestic %","Foreign Lifetime Gross","Foreign %","Year"
"1","Avatar","$2,923,710,708","$785,221,649","26.9%","$2,138,489,059","73.1%",2009
"2","Avengers: Endgame","$2,799,439,100","$858,373,000","30.7%","$1,941,066,100","69.3%",2019
"3","Avatar: The Way of Water","$2,340,580,847","$688,106,735","29.4%","$1,652,474,112","70.6%",2022
"4","Titanic","$2,264,812,968","$674,354,882","29.8%","$1,590,458,086","70.2%",1997
"5","Ne Zha 2","$2,150,000,000","$23,322,209","1.1%","$2,126,677,791","98.9%",2025
"6","Star Wars: Episode VII - The Force Awakens","$2,071,310,218","$936,662,225","45.2%","$1,134,647,993","54.8%",2015
"7","Avengers: Infinity War","$2,052,415,039","$678,815,482","33.1%","$1,373,599,557","66.9%",2018
"8","Spider-Man: No Way Home","$1,921,426,073","$814,866,759","42.4%","$1,106,559,314","57.6%",2021
"9","Inside Out 2","$1,698,863,816","$652,980,194","38.4%","$1,045,883,622","61.6%",2024
"10","Jurassic World","$1,671,537,444","$653,406,625","39.1%","$1,018,130,819","60.9%",2015
"11","The Lion King","$1,662,020,819","$543,638,043","32.7%","$1,118,382,776","67.3%",2019
"12","The Avengers","$1,520,538,536","$623,357,910","41%","$897,180,626","59%",2012
"13","Furious 7","$1,515,342,457","$353,007,020","23.3%","$1,162,335,437","76.7%",2015
"14","Top Gun: Maverick","$1,495,696,292","$718,732,821","48%","$776,963,471","52%",2022
"15","Frozen II","$1,453,683,476","$477,373,578","32.8%","$976,309,898","67.2%",2019
"16","Barbie","$1,447,138,421","$636,238,421","44%","$810,900,000","56%",2023
"17","Avengers: Age of Ultron","$1,405,018,048","$459,005,868","32.7%","$946,012,180","67.3%",2015
"18","The Super Mario Bros. Movie","$1,360,847,665","$574,934,330","42.2%","$785,913,335","57.8%",2023
"19","Black Panther","$1,349,926,083","$700,426,566","51.9%","$649,499,517","48.1%",2018
"20","Harry Potter and the Deathly Hallows: Part 2","$1,342,505,340","$381,447,587","28.4%","$961,057,753","71.6%",2011
"21","Deadpool & Wolverine","$1,338,073,645","$636,745,858","47.6%","$701,327,787","52.4%",2024
"22","Star Wars: Episode VIII - The Last Jedi","$1,334,407,706","$620,181,382","46.5%","$714,226,324","53.5%",2017
"23","Jurassic World: Fallen Kingdom","$1,310,469,037","$417,719,760","31.9%","$892,749,277","68.1%",2018
"24","Frozen","$1,286,319,131","$400,953,009","31.2%","$885,366,122","68.8%",2013
"25","Beauty and the Beast","$1,266,115,964","$504,481,165","39.8%","$761,634,799","60.2%",2017
"26","Incredibles 2","$1,243,225,667","$608,581,744","49%","$634,643,923","51%",2018
"27","The Fate of the Furious","$1,236,009,236","$226,008,385","18.3%","$1,010,000,851","81.7%",2017
"28","Iron Man 3","$1,215,577,205","$409,013,994","33.6%","$806,563,211","66.4%",2013
"29","Minions","$1,159,457,503","$336,045,770","29%","$823,411,733","71%",2015
"30","Captain America: Civil War","$1,155,046,416","$408,084,349","35.3%","$746,962,067","64.7%",2016
"31","Aquaman","$1,152,028,393","$335,104,314","29.1%","$816,924,079","70.9%",2018
"32","The Lord of the Rings: The Return of the King","$1,139,427,855","$381,878,219","33.5%","$757,549,636","66.5%",2003
"33","Spider-Man: Far from Home","$1,132,723,226","$391,283,774","34.5%","$741,439,452","65.5%",2019
"34","Captain Marvel","$1,131,416,446","$426,829,839","37.7%","$704,586,607","62.3%",2019
"35","Transformers: Dark of the Moon","$1,123,794,079","$352,390,543","31.4%","$771,403,536","68.6%",2011
"36","The Dark Knight Rises","$1,115,050,227","$448,149,584","40.2%","$666,900,643","59.8%",2012
"37","Skyfall","$1,108,594,137","$304,360,277","27.4%","$804,233,860","72.6%",2012
"38","Transformers: Age of Extinction","$1,105,261,713","$245,439,076","22.2%","$859,822,637","77.8%",2014
"39","Jurassic Park","$1,104,379,926","$407,185,075","36.9%","$697,194,851","63.1%",1993
"40","Joker","$1,078,958,629","$335,477,657","31.1%","$743,480,972","68.9%",2019
"41","Star Wars: Episode IX - The Rise of Skywalker","$1,077,022,372","$515,202,542","47.8%","$561,819,830","52.2%",2019
"42","Toy Story 4","$1,073,841,394","$434,038,008","40.4%","$639,803,386","59.6%",2019
"43","Toy Story 3","$1,067,316,101","$415,004,880","38.9%","$652,311,221","61.1%",2010
"44","Pirates of the Caribbean: Dead Man's Chest","$1,066,179,747","$423,315,812","39.7%","$642,863,935","60.3%",2006
"45","Moana 2","$1,059,242,164","$460,405,297","43.5%","$598,836,867","56.5%",2024
"46","Rogue One: A Star Wars Story","$1,058,684,742","$533,539,991","50.4%","$525,144,751","49.6%",2016
"47","Aladdin","$1,054,304,000","$355,559,216","33.7%","$698,744,784","66.3%",2019
"48","Pirates of the Caribbean: On Stranger Tides","$1,046,721,266","$241,071,802","23%","$805,649,464","77%",2011
"49","Star Wars: Episode I - The Phantom Menace","$1,046,515,409","$487,576,624","46.6%","$558,938,785","53.4%",1999
"50","Lilo & Stitch","$1,037,461,166","$423,778,855","40.8%","$613,682,311","59.2%",2025
"51","Despicable Me 3","$1,034,800,131","$264,624,300","25.6%","$770,175,831","74.4%",2017
"52","Finding Dory","$1,029,266,989","$486,295,561","47.2%","$542,971,428","52.8%",2016
"53","Harry Potter and the Sorcerer's Stone","$1,028,538,783","$318,886,962","31%","$709,651,821","69%",2001
"54","Zootopia","$1,025,521,689","$341,268,248","33.3%","$684,253,441","66.7%",2016
"55","Alice in Wonderland","$1,025,468,216","$334,191,110","32.6%","$691,277,106","67.4%",2010
"56","The Hobbit: An Unexpected Journey","$1,017,107,150","$303,030,651","29.8%","$714,076,499","70.2%",2012
"57","The Dark Knight","$1,009,242,873","$534,987,076","53%","$474,255,797","47%",2008
"58","Jurassic World: Dominion","$1,001,978,080","$376,851,080","37.6%","$625,127,000","62.4%",2022
"59","The Lion King","$979,161,373","$424,979,720","43.4%","$554,181,653","56.6%",1994
"60","Oppenheimer","$975,811,333","$330,078,895","33.8%","$645,732,438","66.2%",2023
"61","Despicable Me 4","$972,021,410","$361,004,205","37.1%","$611,017,205","62.9%",2024
"62","Despicable Me 2","$970,766,005","$368,065,385","37.9%","$602,700,620","62.1%",2013
"63","The Jungle Book","$967,724,775","$364,001,123","37.6%","$603,723,652","62.4%",2016
"64","Jumanji: Welcome to the Jungle","$962,544,585","$404,540,171","42%","$558,004,414","58%",2017
"65","The Hobbit: The Battle of the Five Armies","$962,253,946","$255,138,261","26.5%","$707,115,685","73.5%",2014
"66","Pirates of the Caribbean: At World's End","$961,691,209","$309,420,425","32.2%","$652,270,784","67.8%",2007
"67","Harry Potter and the Deathly Hallows: Part 1","$960,858,478","$296,374,621","30.8%","$664,483,857","69.2%",2010
"68","The Hobbit: The Desolation of Smaug","$959,079,095","$258,387,334","26.9%","$700,691,761","73.1%",2013
"69","A Minecraft Movie","$957,849,195","$423,949,195","44.3%","$533,900,000","55.7%",2025
"70","Doctor Strange in the Multiverse of Madness","$955,775,804","$411,331,607","43%","$544,444,197","57%",2022
"71","Harry Potter and the Order of the Phoenix","$942,872,838","$292,382,727","31%","$650,490,111","69%",2007
"72","Finding Nemo","$941,637,960","$380,843,261","40.4%","$560,794,699","59.6%",2003
"73","Harry Potter and the Half-Blood Prince","$941,056,063","$302,334,374","32.1%","$638,721,689","67.9%",2009
"74","Minions: The Rise of Gru","$940,482,695","$370,549,695","39.4%","$569,933,000","60.6%",2022
"75","The Lord of the Rings: The Two Towers","$938,828,326","$345,518,923","36.8%","$593,309,403","63.2%",2002
"76","Shrek 2","$932,533,592","$444,978,202","47.7%","$487,555,390","52.3%",2004
"77","Bohemian Rhapsody","$910,813,521","$216,668,042","23.8%","$694,145,479","76.2%",2018
"78","Star Wars: Episode III - Revenge of the Sith","$905,595,947","$414,378,291","45.8%","$491,217,656","54.2%",2005
"79","The Battle at Lake Changjin","$902,548,476","$342,411","<0.1%","$902,206,065","100%",2021
"80","Harry Potter and the Goblet of Fire","$899,649,442","$290,469,928","32.3%","$609,179,514","67.7%",2005
"81","Spider-Man 3","$892,448,390","$338,032,318","37.9%","$554,416,072","62.1%",2007
"82","The Lord of the Rings: The Fellowship of the Ring","$889,469,407","$319,372,078","35.9%","$570,097,329","64.1%",2001
"83","Ice Age: Dawn of the Dinosaurs","$886,686,817","$196,573,705","22.2%","$690,113,112","77.8%",2009
"84","Harry Potter and the Chamber of Secrets","$882,933,392","$262,641,637","29.8%","$620,291,755","70.2%",2002
"85","Spider-Man: Homecoming","$880,978,185","$334,952,829","38%","$546,025,356","62%",2017
"86","Spectre","$880,707,597","$200,074,609","22.7%","$680,632,988","77.3%",2015
"87","Ice Age: Continental Drift","$877,244,782","$161,321,843","18.4%","$715,922,939","81.6%",2012
"88","The Secret Life of Pets","$875,698,161","$368,623,860","42.1%","$507,074,301","57.9%",2016
"89","Batman v Superman: Dawn of Justice","$874,362,803","$330,360,194","37.8%","$544,002,609","62.2%",2016
"90","Wolf Warrior 2","$870,325,439","$2,721,100","0.3%","$867,604,339","99.7%",2017
"91","Jurassic World: Rebirth","$867,903,032","$339,640,400","39.1%","$528,262,632","60.9%",2025
"92","The Hunger Games: Catching Fire","$865,011,746","$424,668,047","49.1%","$440,343,699","50.9%",2013
"93","Guardians of the Galaxy Vol. 2","$863,756,903","$389,813,101","45.1%","$473,943,802","54.9%",2017
"94","Black Panther: Wakanda Forever","$859,208,836","$453,829,060","52.8%","$405,379,776","47.2%",2022
"95","Inside Out","$859,076,254","$356,461,711","41.5%","$502,614,543","58.5%",2015
"96","Venom","$856,085,161","$213,515,506","24.9%","$642,569,655","75.1%",2018
"97","Thor: Ragnarok","$855,301,806","$315,058,289","36.8%","$540,243,517","63.2%",2017
"98","The Twilight Saga: Breaking Dawn - Part 2","$848,593,948","$292,324,737","34.4%","$556,269,211","65.6%",2012
"99","Guardians of the Galaxy Vol. 3","$845,555,777","$358,995,815","42.5%","$486,559,962","57.5%",2023
"100","Inception","$839,786,473","$292,587,330","34.8%","$547,199,143","65.2%",2010
"101","Transformers: Revenge of the Fallen","$836,304,167","$402,111,870","48.1%","$434,192,297","51.9%",2009
"102","Spider-Man","$826,588,830","$408,524,875","49.4%","$418,063,955","50.6%",2002
"103","Mission: Impossible - Fallout","$824,171,374","$220,159,104","26.7%","$604,012,270","73.3%",2018
"104","Wonder Woman","$823,970,682","$412,845,172","50.1%","$411,125,510","49.9%",2017
"105","Hi, Mom","$822,009,764","-","-","$822,009,764","100%",2021
"106","Independence Day","$817,400,891","$306,169,268","37.5%","$511,231,623","62.5%",1996
"107","Fantastic Beasts and Where to Find Them","$816,037,575","$234,037,575","28.7%","$582,000,000","71.3%",2016
"108","Coco","$814,641,172","$210,460,015","25.8%","$604,181,157","74.2%",2017
"109","Harry Potter and the Prisoner of Azkaban","$810,004,984","$250,105,651","30.9%","$559,899,333","69.1%",2004
"110","Shrek the Third","$808,310,187","$322,719,944","39.9%","$485,590,243","60.1%",2007
"111","Jumanji: The Next Level","$801,693,929","$320,314,960","40%","$481,378,969","60%",2019
"112","The Da Vinci Code","$801,349,858","$217,536,138","27.2%","$583,813,720","72.8%",2006
"113","E.T. the Extra-Terrestrial","$797,307,407","$439,454,989","55.1%","$357,852,418","44.9%",1982
"114","Pirates of the Caribbean: Dead Men Tell No Tales","$795,922,298","$172,558,876","21.7%","$623,363,422","78.3%",2017
"115","2012","$791,217,826","$166,112,167","21%","$625,105,659","79%",2009
"116","Fast & Furious 6","$788,683,342","$238,679,850","30.3%","$550,003,492","69.7%",2013
"117","Indiana Jones and the Kingdom of the Crystal Skull","$786,636,033","$317,101,119","40.3%","$469,534,914","59.7%",2008
"118","Deadpool 2","$785,896,632","$324,591,735","41.3%","$461,304,897","58.7%",2018
"119","Spider-Man 2","$785,496,661","$375,087,840","47.8%","$410,408,821","52.2%",2004
"120","Deadpool","$782,837,347","$363,070,709","46.4%","$419,766,638","53.6%",2016
"121","Star Wars: Episode IV - A New Hope","$775,398,507","$460,998,507","59.4%","$314,400,000","40.6%",1977
"122","No Time to Die","$774,153,007","$160,891,007","20.8%","$613,262,000","79.2%",2021
"123","Guardians of the Galaxy","$773,350,376","$333,718,600","43.2%","$439,631,776","56.8%",2014
"124","The Batman","$772,319,315","$369,345,583","47.8%","$402,973,732","52.2%",2022
"125","Thor: Love and Thunder","$760,928,081","$343,256,830","45.1%","$417,671,251","54.9%",2022
"126","Fast & Furious Presents: Hobbs & Shaw","$760,732,926","$173,956,935","22.9%","$586,775,991","77.1%",2019
"127","Maleficent","$759,853,685","$241,410,378","31.8%","$518,443,307","68.2%",2014
"128","Interstellar","$759,161,023","$203,227,580","26.8%","$555,933,443","73.2%",2014
"129","The Hunger Games: Mockingjay - Part 1","$759,159,711","$337,135,885","44.4%","$422,023,826","55.6%",2014
"130","The Amazing Spider-Man","$758,725,893","$262,782,352","34.6%","$495,943,541","65.4%",2012
"131","Wicked","$756,443,397","$473,231,120","62.6%","$283,212,277","37.4%",2024
"132","Shrek Forever After","$752,600,867","$238,736,787","31.7%","$513,864,080","68.3%",2010
"133","Suicide Squad","$749,200,054","$325,100,054","43.4%","$424,100,000","56.6%",2016
"134","Madagascar 3: Europe's Most Wanted","$746,921,274","$216,391,482","29%","$530,529,792","71%",2012
"135","X-Men: Days of Future Past","$746,045,700","$233,921,534","31.4%","$512,124,166","68.6%",2014
"136","The Chronicles of Narnia: The Lion, the Witch and the Wardrobe","$745,013,115","$291,710,957","39.2%","$453,302,158","60.8%",2005
"137","Monsters University","$743,559,645","$268,492,764","36.1%","$475,066,881","63.9%",2013
"138","The Matrix Reloaded","$741,847,937","$281,576,461","38%","$460,271,476","62%",2003
"139","Up","$735,103,954","$293,004,164","39.9%","$442,099,790","60.1%",2009
"140","F9: The Fast Saga","$726,229,501","$173,005,945","23.8%","$553,223,556","76.2%",2021
"141","Ne Zha","$726,225,471","$3,695,533","0.5%","$722,529,938","99.5%",2019
"142","Gravity","$723,753,370","$274,092,705","37.9%","$449,660,665","62.1%",2013
"143","Mufasa: The Lion King","$722,631,756","$254,567,693","35.2%","$468,064,063","64.8%",2024
"144","The Amazing Spider-Man 2","$716,934,779","$203,605,622","28.4%","$513,329,157","71.6%",2014
"145","Dune: Part Two","$714,844,358","$282,144,358","39.5%","$432,700,000","60.5%",2024
"146","Captain America: The Winter Soldier","$714,421,503","$259,766,572","36.4%","$454,654,931","63.6%",2014
"147","The Twilight Saga: Breaking Dawn - Part 1","$712,205,856","$281,287,133","39.5%","$430,918,723","60.5%",2011
"148","The Twilight Saga: New Moon","$711,048,123","$297,816,253","41.9%","$413,231,870","58.1%",2009
"149","Mission: Impossible - Rogue Nation","$710,916,403","$195,042,377","27.4%","$515,874,026","72.6%",2015
"150","Dawn of the Planet of the Apes","$710,644,566","$208,545,589","29.4%","$502,098,977","70.6%",2014
"151","Transformers","$709,709,780","$319,246,193","45%","$390,463,587","55%",2007
"152","Mamma Mia!","$706,681,729","$144,330,569","20.4%","$562,351,160","79.6%",2008
"153","Fast X","$704,875,015","$146,126,015","20.7%","$558,749,000","79.3%",2023
"154","It","$704,242,888","$328,874,981","46.7%","$375,367,907","53.3%",2017
"155","The Wandering Earth","$699,992,512","$5,971,413","0.8%","$694,021,099","99.2%",2019
"156","The Twilight Saga: Eclipse","$698,513,085","$300,531,751","43%","$397,981,334","57%",2010
"157","The Hunger Games","$695,220,619","$408,010,692","58.7%","$287,209,927","41.3%",2012
"158","Mission: Impossible - Ghost Protocol","$694,713,380","$209,397,903","30.1%","$485,315,477","69.9%",2011
"159","Spider-Man: Across the Spider-Verse","$690,824,738","$381,593,754","55.2%","$309,230,984","44.8%",2023
"160","Detective Chinatown 3","$686,257,563","-","-","$686,257,563","100%",2021
"161","Forrest Gump","$678,226,465","$330,455,270","48.7%","$347,771,195","51.3%",1994
"162","Doctor Strange","$677,796,833","$232,641,920","34.3%","$445,154,913","65.7%",2016
"163","The Sixth Sense","$672,806,432","$293,506,292","43.6%","$379,300,140","56.4%",1999
"164","Full River Red","$670,491,959","-","-","$670,491,959","100%",2023
"165","Man of Steel","$670,145,518","$291,045,518","43.4%","$379,100,000","56.6%",2013
"166","Ice Age 2: The Meltdown","$667,094,506","$195,330,621","29.3%","$471,763,885","70.7%",2006
"167","Kung Fu Panda 2","$665,692,281","$165,249,063","24.8%","$500,443,218","75.2%",2011
"168","The Hunger Games: Mockingjay - Part 2","$661,456,867","$281,723,902","42.6%","$379,732,965","57.4%",2015
"169","Justice League","$661,326,987","$229,024,295","34.6%","$432,302,692","65.4%",2017
"170","Big Hero 6","$657,870,525","$222,527,828","33.8%","$435,342,697","66.2%",2014
"171","Fantastic Beasts: The Crimes of Grindelwald","$655,755,901","$159,555,901","24.3%","$496,200,000","75.7%",2018
"172","Pirates of the Caribbean: The Curse of the Black Pearl","$654,264,546","$305,413,918","46.7%","$348,850,628","53.3%",2003
"173","Men in Black³","$654,213,485","$179,020,854","27.4%","$475,192,631","72.6%",2012
"174","Star Wars: Episode II - Attack of the Clones","$653,780,724","$310,676,740","47.5%","$343,103,984","52.5%",2002
"175","Thor: The Dark World","$644,783,140","$206,362,140","32%","$438,421,000","68%",2013
"176","Moana","$643,332,467","$248,757,044","38.7%","$394,575,423","61.3%",2016
"177","How to Train Your Dragon","$635,745,716","$262,958,100","41.4%","$372,787,616","58.6%",2025
"178","Wonka","$634,502,312","$218,402,312","34.4%","$416,100,000","65.6%",2023
"179","Sing","$634,338,409","$270,578,425","42.7%","$363,759,984","57.3%",2016
"180","Kung Fu Panda","$632,384,787","$216,064,546","34.2%","$416,320,241","65.8%",2008
"181","The Incredibles","$631,688,498","$261,441,092","41.4%","$370,247,406","58.6%",2004
"182","The Martian","$630,621,406","$228,433,663","36.2%","$402,187,743","63.8%",2015
"183","Hancock","$629,443,428","$227,946,274","36.2%","$401,497,154","63.8%",2008
"184","F1: The Movie","$627,927,111","$189,527,111","30.2%","$438,400,000","69.8%",2025
"185","Water Gate Bridge","$626,571,697","$117,294","<0.1%","$626,454,403","100%",2022
"186","Fast Five","$626,140,012","$209,837,675","33.5%","$416,302,337","66.5%",2011
"187","Iron Man 2","$623,933,331","$312,433,331","50.1%","$311,500,000","49.9%",2010
"188","Ratatouille","$623,738,973","$206,445,654","33.1%","$417,293,319","66.9%",2007
"189","Ant-Man and the Wasp","$622,674,139","$216,648,740","34.8%","$406,025,399","65.2%",2018
"190","How to Train Your Dragon 2","$621,537,519","$177,002,924","28.5%","$444,534,595","71.5%",2014
"191","Logan","$619,180,476","$226,277,068","36.5%","$392,903,408","63.5%",2017
"192","The Lost World: Jurassic Park","$618,638,999","$229,086,679","37%","$389,552,320","63%",1997
"193","Casino Royale","$616,585,752","$167,445,960","27.2%","$449,139,792","72.8%",2006
"194","Superman","$615,784,465","$354,184,465","57.5%","$261,600,000","42.5%",2025
"195","The Wandering Earth II","$615,023,132","$5,023,132","0.8%","$610,000,000","99.2%",2023
"196","The Passion of the Christ","$610,063,438","$370,782,930","60.8%","$239,280,508","39.2%",2004
"197","Life of Pi","$609,016,565","$124,987,023","20.5%","$484,029,542","79.5%",2012
"198","Ready Player One","$607,874,422","$137,715,350","22.7%","$470,159,072","77.3%",2018
"199","Transformers: The Last Knight","$605,425,157","$130,168,683","21.5%","$475,256,474","78.5%",2017
"200","Madagascar: Escape 2 Africa","$603,900,354","$180,010,950","29.8%","$423,889,404","70.2%",2008
"201","War of the Worlds","$603,873,504","$234,280,354","38.8%","$369,593,150","61.2%",2005
"202","Mission: Impossible - The Final Reckoning","$598,767,057","$197,413,515","33%","$401,353,542","67%",2025
"203","Tangled","$591,806,017","$200,821,936","33.9%","$390,984,081","66.1%",2010
"204","Quantum of Solace","$589,593,688","$168,368,427","28.6%","$421,225,261","71.4%",2008
"205","Men in Black","$589,390,539","$250,690,539","42.5%","$338,700,000","57.5%",1997
"206","The Croods","$587,266,745","$187,168,425","31.9%","$400,098,320","68.1%",2013
"207","The Hangover Part II","$586,764,305","$254,464,305","43.4%","$332,300,000","56.6%",2011
"208","Iron Man","$585,796,247","$319,034,126","54.5%","$266,762,121","45.5%",2008
"209","I Am Legend","$585,498,742","$256,393,010","43.8%","$329,105,732","56.2%",2007
"210","Monsters, Inc.","$579,771,043","$290,642,256","50.1%","$289,128,787","49.9%",2001
"211","Operation Red Sea","$579,330,426","$1,543,547","0.3%","$577,786,879","99.7%",2018
"212","Night at the Museum","$574,482,479","$250,863,268","43.7%","$323,619,211","56.3%",2006
"213","Godzilla x Kong: The New Empire","$572,050,016","$196,350,016","34.3%","$375,700,000","65.7%",2024
"214","Mission: Impossible - Dead Reckoning Part One","$571,125,435","$172,640,980","30.2%","$398,484,455","69.8%",2023
"215","Fifty Shades of Grey","$569,651,467","$166,167,230","29.2%","$403,484,237","70.8%",2015
"216","The Little Mermaid","$569,626,289","$298,172,056","52.4%","$271,454,233","47.6%",2023
"217","Kong: Skull Island","$568,652,812","$168,052,812","29.6%","$400,600,000","70.4%",2017
"218","The Smurfs","$563,892,376","$142,614,158","25.3%","$421,278,218","74.7%",2011
"219","Demon Slayer: Kimetsu no Yaiba- The Movie - Infinity Castle","$559,968,240","$125,586,228","22.4%","$434,382,012","77.6%",2025
"220","Cars 2","$559,853,036","$191,452,396","34.2%","$368,400,640","65.8%",2011
"221","King Kong","$556,907,510","$218,080,025","39.2%","$338,827,485","60.8%",2005
"222","Puss in Boots","$554,987,477","$149,260,504","26.9%","$405,726,973","73.1%",2011
"223","The Mermaid","$553,810,228","$3,232,685","0.6%","$550,577,543","99.4%",2016
"224","Armageddon","$553,712,773","$201,578,182","36.4%","$352,134,591","63.6%",1998
"225","The Day After Tomorrow","$552,639,571","$186,740,799","33.8%","$365,898,772","66.2%",2004
"226","Star Wars: Episode V - The Empire Strikes Back","$550,016,086","$292,753,960","53.2%","$257,262,126","46.8%",1980
"227","Ted","$549,368,315","$218,815,487","39.8%","$330,552,828","60.2%",2012
"228","Kung Fu Panda 4","$547,946,428","$193,590,620","35.3%","$354,355,808","64.7%",2024
"229","American Sniper","$547,659,020","$350,159,020","63.9%","$197,500,000","36.1%",2014
"230","Mission: Impossible II","$546,388,108","$215,409,889","39.4%","$330,978,219","60.6%",2000
"231","Detective Chinatown 2","$544,185,156","$1,983,984","0.4%","$542,201,172","99.6%",2018
"232","Despicable Me","$544,174,973","$251,683,815","46.2%","$292,491,158","53.8%",2010
"233","X-Men: Apocalypse","$543,934,105","$155,442,489","28.6%","$388,491,616","71.4%",2016
"234","Sherlock Holmes: A Game of Shadows","$543,848,418","$186,848,418","34.4%","$357,000,000","65.6%",2011
"235","Cinderella","$542,358,331","$201,151,353","37.1%","$341,206,978","62.9%",2015
"236","Madagascar","$542,068,271","$193,595,521","35.7%","$348,472,750","64.3%",2005
"237","Hotel Transylvania 3: Summer Vacation","$541,504,608","$167,510,016","30.9%","$373,994,592","69.1%",2018
"238","World War Z","$540,455,876","$202,807,711","37.5%","$337,648,165","62.5%",2013
"239","How to Train Your Dragon: The Hidden World","$539,987,993","$160,945,505","29.8%","$379,042,488","70.2%",2019
"240","The Grinch","$539,294,964","$272,504,456","50.5%","$266,790,508","49.5%",2018
"241","Brave","$538,983,207","$237,283,207","44%","$301,700,000","56%",2012
"242","The Simpsons Movie","$536,414,293","$183,135,014","34.1%","$353,279,279","65.9%",2007
"243","Dunkirk","$533,696,799","$189,740,665","35.6%","$343,956,134","64.4%",2017
"244","The Revenant","$532,950,503","$183,637,894","34.5%","$349,312,609","65.5%",2015
"245","No More Bets","$532,600,264","-","-","$532,600,264","100%",2023
"246","The Meg","$529,338,515","$145,522,784","27.5%","$383,815,731","72.5%",2018
"247","Ralph Breaks the Internet","$529,323,962","$201,091,711","38%","$328,232,251","62%",2018
"248","The Boss Baby","$527,965,936","$175,003,033","33.2%","$352,962,903","66.8%",2017
"249","WALL·E","$527,403,656","$223,808,164","42.4%","$303,595,492","57.6%",2008
"250","Godzilla","$524,978,362","$200,676,069","38.2%","$324,302,293","61.8%",2014
"251","Sherlock Holmes","$524,028,679","$209,028,679","39.9%","$315,000,000","60.1%",2009
"252","Meet the Fockers","$522,657,936","$279,261,160","53.4%","$243,396,776","46.6%",2004
"253","The Fantastic Four: First Steps","$521,740,324","$274,168,206","52.6%","$247,572,118","47.4%",2025
"254","Kung Fu Panda 3","$521,170,825","$143,528,619","27.5%","$377,642,206","72.5%",2016
"255","Ant-Man","$519,311,965","$180,202,163","34.7%","$339,109,802","65.3%",2015
"256","Terminator 2: Judgment Day","$517,778,573","$205,881,154","39.8%","$311,897,419","60.2%",1991
"257","La La Land","$509,183,536","$151,101,803","29.7%","$358,081,733","70.3%",2016
"258","Venom: Let There Be Carnage","$506,813,864","$213,550,366","42.1%","$293,263,498","57.9%",2021
"259","Ghost","$505,703,557","$217,631,306","43%","$288,072,251","57%",1990
"260","Aladdin","$504,050,219","$217,350,219","43.1%","$286,700,000","56.9%",1992
"261","Rio 2","$498,781,117","$131,538,435","26.4%","$367,242,682","73.6%",2014
"262","Troy","$497,409,852","$133,378,256","26.8%","$364,031,596","73.2%",2004
"263","Toy Story 2","$497,375,404","$245,852,179","49.4%","$251,523,225","50.6%",1999
"264","Elemental","$496,444,308","$154,426,697","31.1%","$342,017,611","68.9%",2023
"265","How to Train Your Dragon","$494,879,860","$217,581,231","44%","$277,298,629","56%",2010
"266","Twister","$494,580,615","$241,830,615","48.9%","$252,750,000","51.1%",1996
"267","Oz the Great and Powerful","$493,311,825","$234,911,825","47.6%","$258,400,000","52.4%",2013
"268","Clash of the Titans","$493,214,993","$163,214,888","33.1%","$330,000,105","66.9%",2010
"269","Sonic the Hedgehog 3","$492,162,604","$236,115,100","48%","$256,047,504","52%",2024
"270","Maleficent: Mistress of Evil","$491,730,089","$113,929,605","23.2%","$377,800,484","76.8%",2019
"271","Jaws","$490,736,300","$280,083,300","57.1%","$210,653,000","42.9%",1975
"272","War for the Planet of the Apes","$490,719,763","$146,880,162","29.9%","$343,839,601","70.1%",2017
"273","Shrek","$488,977,919","$268,698,241","55%","$220,279,678","45%",2001
"274","Lost in the Stars","$487,637,474","$1,721,446","0.4%","$485,916,028","99.6%",2023
"275","Mr. & Mrs. Smith","$487,287,646","$186,336,279","38.2%","$300,951,367","61.8%",2005
"276","Demon Slayer: Kimetsu no Yaiba - The Movie: Mugen Train","$486,451,200","$49,888,550","10.3%","$436,562,650","89.7%",2020
"277","Angels & Demons","$485,930,816","$133,375,846","27.4%","$352,554,970","72.6%",2009
"278","Teenage Mutant Ninja Turtles","$485,004,754","$191,204,754","39.4%","$293,800,000","60.6%",2014
"279","Bruce Almighty","$484,592,874","$242,829,261","50.1%","$241,763,613","49.9%",2003
"280","Rio","$483,895,196","$143,619,809","29.7%","$340,275,387","70.3%",2011
"281","Star Wars: Episode VI - Return of the Jedi","$482,466,382","$316,566,101","65.6%","$165,900,281","34.4%",1983
"282","Saving Private Ryan","$482,352,390","$217,049,603","45%","$265,302,787","55%",1998
"283","Rise of the Planet of the Apes","$481,800,873","$176,760,185","36.7%","$305,040,688","63.3%",2011
"284","Puss in Boots: The Last Wish","$480,466,413","$186,090,535","38.7%","$294,375,878","61.3%",2022
"285","Venom: The Last Dance","$478,937,618","$139,755,882","29.2%","$339,181,736","70.8%",2024
"286","Home Alone","$476,684,675","$285,761,243","60%","$190,923,432","40%",1990
"287","Ant-Man and the Wasp: Quantumania","$476,071,180","$214,504,909","45.1%","$261,566,271","54.9%",2023
"288","Hotel Transylvania 2","$475,186,976","$169,700,110","35.7%","$305,486,866","64.3%",2015
"289","Charlie and the Chocolate Factory","$474,968,763","$206,459,076","43.5%","$268,509,687","56.5%",2005
"290","San Andreas","$474,609,154","$155,190,832","32.7%","$319,418,322","67.3%",2015
"291","Indiana Jones and the Last Crusade","$474,171,806","$197,171,806","41.6%","$277,000,000","58.4%",1989
"292","It: Chapter Two","$473,123,154","$211,622,525","44.7%","$261,500,629","55.3%",2019
"293","The Greatest Showman","$471,871,490","$174,340,174","37%","$297,531,316","63%",2017
"294","Wreck-It Ralph","$471,222,906","$189,422,889","40.2%","$281,800,017","59.8%",2012
"295","The Lego Movie","$470,759,687","$257,966,122","54.8%","$212,793,565","45.2%",2014
"296","Godzilla vs. Kong","$470,116,094","$100,916,094","21.5%","$369,200,000","78.5%",2021
"297","The Hangover","$469,329,059","$277,339,746","59.1%","$191,989,313","40.9%",2009
"298","Lucy","$469,058,574","$126,663,600","27%","$342,394,974","73%",2014
"299","Bumblebee","$467,989,645","$127,195,589","27.2%","$340,794,056","72.8%",2018
"300","The Matrix","$467,845,851","$172,076,928","36.8%","$295,768,923","63.2%",1999
"301","Star Trek Into Darkness","$467,365,246","$228,778,661","49%","$238,586,585","51%",2013
"302","Gladiator","$465,516,248","$187,705,427","40.3%","$277,810,821","59.7%",2000
"303","Pretty Woman","$463,406,268","$178,406,268","38.5%","$285,000,000","61.5%",1990
"304","Gladiator II","$462,180,717","$172,438,016","37.3%","$289,742,701","62.7%",2024
"305","Cars","$461,996,328","$244,082,982","52.8%","$217,913,346","47.2%",2006
"306","The Eight Hundred","$461,421,559","$372,755","<0.1%","$461,048,804","99.9%",2020
"307","X-Men: The Last Stand","$460,435,291","$234,362,462","50.9%","$226,072,829","49.1%",2006
"308","Moon Man","$460,237,662","-","-","$460,237,662","100%",2022
"309","The Conjuring: Last Rites","$460,164,908","$168,764,908","36.7%","$291,400,000","63.3%",2025
"310","National Treasure: Book of Secrets","$459,242,249","$219,964,115","47.9%","$239,278,134","52.1%",2007
"311","Mission: Impossible","$457,696,391","$180,981,856","39.5%","$276,714,535","60.5%",1996
"312","300","$456,082,343","$210,629,101","46.2%","$245,453,242","53.8%",2007
"313","The Last Samurai","$454,627,263","$111,127,263","24.4%","$343,500,000","75.6%",2003
"314","Beetlejuice Beetlejuice","$452,000,435","$294,100,435","65.1%","$157,900,000","34.9%",2024
"315","Beauty and the Beast","$451,291,298","$218,967,620","48.5%","$232,323,678","51.5%",1991
"316","Dying to Survive","$451,183,391","$6,752","-","$451,176,639","100%",2018
"317","Ocean's Eleven","$450,717,150","$183,417,150","40.7%","$267,300,000","59.3%",2001
"318","My People, My Country","$450,064,993","$2,356,683","0.5%","$447,708,310","99.5%",2019
"319","Pokémon: Detective Pikachu","$450,063,166","$144,174,568","32%","$305,888,598","68%",2019
"320","Thor","$449,326,618","$181,030,624","40.3%","$268,295,994","59.7%",2011
"321","Pearl Harbor","$449,220,945","$198,542,554","44.2%","$250,678,391","55.8%",2001
"322","Tarzan","$448,192,603","$171,091,819","38.2%","$277,100,784","61.8%",1999
"323","John Wick: Chapter 4","$447,142,521","$187,131,806","41.8%","$260,010,715","58.2%",2023
"324","1917","$446,064,352","$159,227,644","35.7%","$286,836,708","64.3%",2019
"325","Men in Black II","$445,135,288","$193,735,288","43.5%","$251,400,000","56.5%",2002
"326","The Mummy Returns","$443,284,916","$202,019,785","45.6%","$241,265,131","54.4%",2001
"327","Alvin and the Chipmunks: The Squeakquel","$443,140,005","$219,614,612","49.6%","$223,525,393","50.4%",2009
"328","The Bourne Ultimatum","$442,824,138","$227,471,070","51.4%","$215,353,068","48.6%",2007
"329","Les Misérables","$442,757,529","$149,260,140","33.7%","$293,497,389","66.3%",2012
"330","Transformers: Rise of the Beasts","$441,656,550","$157,341,749","35.6%","$284,314,801","64.4%",2023
"331","Mrs. Doubtfire","$441,286,195","$219,195,243","49.7%","$222,090,952","50.3%",1993
"332","Terminator Genisys","$440,603,537","$89,760,956","20.4%","$350,842,581","79.6%",2015
"333","Aquaman and the Lost Kingdom","$440,181,226","$124,481,226","28.3%","$315,700,000","71.7%",2023
"334","A Star Is Born","$439,943,006","$215,333,122","49%","$224,609,884","51%",2018
"335","Warcraft","$439,048,914","$47,365,290","10.8%","$391,683,624","89.2%",2016
"336","Yolo","$433,606,094","$2,001,584","0.5%","$431,604,510","99.5%",2024
"337","Terminator 3: Rise of the Machines","$433,371,112","$150,371,112","34.7%","$283,000,000","65.3%",2003
"338","Shang-Chi and the Legend of the Ten Rings","$432,243,292","$224,543,292","52%","$207,700,000","48%",2021
"339","Die Another Day","$431,971,781","$160,942,139","37.3%","$271,029,642","62.7%",2002
"340","The Secret Life of Pets 2","$431,164,459","$158,980,250","36.9%","$272,184,209","63.1%",2019
"341","The Exorcist","$430,872,776","$233,005,644","54.1%","$197,867,132","45.9%",1973
"342","Cast Away","$429,632,142","$233,632,142","54.4%","$196,000,000","45.6%",2000
"343","Rampage","$428,128,399","$101,028,233","23.6%","$327,100,166","76.4%",2018
"344","The Matrix Revolutions","$427,344,325","$139,313,948","32.6%","$288,030,377","67.4%",2003
"345","The Intouchables","$426,590,315","$10,198,820","2.4%","$416,391,495","97.6%",2011
"346","Bad Boys for Life","$426,505,244","$206,305,244","48.4%","$220,200,000","51.6%",2020
"347","Django Unchained","$426,076,293","$162,805,434","38.2%","$263,270,859","61.8%",2012
"348","Dances with Wolves","$424,208,848","$184,208,848","43.4%","$240,000,000","56.6%",1990
"349","Pegasus 2","$422,878,491","-","-","$422,878,491","100%",2024
"350","My People, My Homeland","$422,390,820","-","-","$422,390,820","100%",2020
"351","Successor","$422,307,398","-","-","$422,307,398","100%",2024
"352","The Chronicles of Narnia: Prince Caspian","$419,665,568","$141,621,490","33.8%","$278,044,078","66.2%",2008
"353","Sex and the City","$418,769,972","$152,647,258","36.4%","$266,122,714","63.6%",2008
"354","The Captain","$417,863,545","$706,572","0.2%","$417,156,973","99.8%",2019
"355","The Mummy","$417,643,286","$157,095,368","37.6%","$260,547,918","62.4%",1999
"356","The Chronicles of Narnia: The Voyage of the Dawn Treader","$415,686,217","$104,386,950","25.1%","$311,299,267","74.9%",2010
"357","Jason Bourne","$415,484,914","$162,434,410","39.1%","$253,050,504","60.9%",2016
"358","Captain America: Brave New World","$415,101,577","$200,500,001","48.3%","$214,601,576","51.7%",2025
"359","The Wolverine","$414,828,246","$132,556,852","32%","$282,271,394","68%",2013
"360","Kingsman: The Secret Service","$414,351,546","$128,261,724","31%","$286,089,822","69%",2015
"361","The King's Speech","$414,245,125","$138,797,449","33.5%","$275,447,676","66.5%",2010
"362","Night at the Museum: Battle of the Smithsonian","$413,106,170","$177,243,721","42.9%","$235,862,449","57.1%",2009
"363","Batman","$411,569,241","$251,409,241","61.1%","$160,160,000","38.9%",1989
"364","The Bodyguard","$411,046,449","$122,046,449","29.7%","$289,000,000","70.3%",1992
"365","Pacific Rim","$411,002,906","$101,802,906","24.8%","$309,200,000","75.2%",2013
"366","Kingsman: The Golden Circle","$410,902,662","$100,234,838","24.4%","$310,667,824","75.6%",2017
"367","Twilight","$410,785,270","$193,962,473","47.2%","$216,822,797","52.8%",2008
"368","Dune: Part One","$410,668,018","$108,897,830","26.5%","$301,770,188","73.5%",2021
"369","The Mummy","$409,231,607","$80,227,895","19.6%","$329,003,712","80.4%",2017
"370","Ice Age: Collision Course","$408,754,975","$64,063,008","15.7%","$344,691,967","84.3%",2016
"371","Sing 2","$408,402,685","$162,790,990","39.9%","$245,611,695","60.1%",2021
"372","Signs","$408,247,917","$227,966,634","55.8%","$180,281,283","44.2%",2002
"373","X2: X-Men United","$407,711,549","$214,949,694","52.7%","$192,761,855","47.3%",2003
"374","Fantastic Beasts: The Secrets of Dumbledore","$407,150,844","$95,850,844","23.5%","$311,300,000","76.5%",2022
"375","Uncharted","$407,141,258","$148,648,820","36.5%","$258,492,438","63.5%",2022
"376","The Wolf of Wall Street","$407,039,432","$116,900,694","28.7%","$290,138,738","71.3%",2013
"377","Sonic the Hedgehog 2","$405,421,518","$190,872,904","47.1%","$214,548,614","52.9%",2022
"378","Your Name.","$405,312,768","$5,017,246","1.2%","$400,295,522","98.8%",2016
"379","Alita: Battle Angel","$404,980,543","$85,838,210","21.2%","$319,142,333","78.8%",2019
"380","Bad Boys: Ride or Die","$404,550,184","$193,573,217","47.8%","$210,976,967","52.2%",2024
"381","The Mummy: Tomb of the Dragon Emperor","$403,449,830","$102,491,776","25.4%","$300,958,054","74.6%",2008
"382","Prometheus","$403,354,469","$126,477,084","31.4%","$276,877,385","68.6%",2012
"383","Gone with the Wind","$402,382,193","$200,882,193","49.9%","$201,500,000","50.1%",1939
"384","Eternals","$402,064,899","$164,870,234","41%","$237,194,665","59%",2021
"385","Toy Story","$401,152,793","$229,941,886","57.3%","$171,210,907","42.7%",1995
"386","Tron: Legacy","$400,070,675","$172,062,763","43%","$228,007,912","57%",2010
"387","Meg 2: The Trench","$398,500,317","$82,600,317","20.7%","$315,900,000","79.3%",2023
"388","Mission: Impossible III","$398,479,497","$134,029,801","33.6%","$264,449,696","66.4%",2006
"389","Kingdom of the Planet of the Apes","$397,378,150","$171,130,165","43.1%","$226,247,985","56.9%",2024
"390","Snow White and the Huntsman","$396,592,829","$155,332,381","39.2%","$241,260,448","60.8%",2012
"391","Grease","$396,271,103","$190,071,103","48%","$206,200,000","52%",1978
"392","Mamma Mia! Here We Go Again","$395,607,854","$120,634,935","30.5%","$274,972,919","69.5%",2018
"393","Spider-Man: Into the Spider-Verse","$394,884,133","$190,241,310","48.2%","$204,642,823","51.8%",2018
"394","Black Adam","$393,452,111","$168,152,111","42.7%","$225,300,000","57.3%",2022
"395","Solo: A Star Wars Story","$392,924,807","$213,767,512","54.4%","$179,157,295","45.6%",2018
"396","Once Upon a Time... in Hollywood","$392,105,159","$142,502,728","36.3%","$249,602,431","63.7%",2019
"397","Superman Returns","$391,081,192","$200,081,192","51.2%","$191,000,000","48.8%",2006
"398","Robin Hood: Prince of Thieves","$390,493,908","$165,493,908","42.4%","$225,000,000","57.6%",1991
"399","Raiders of the Lost Ark","$389,925,971","$248,159,971","63.6%","$141,766,000","36.4%",1981
"400","Independence Day: Resurgence","$389,681,935","$103,144,286","26.5%","$286,537,649","73.5%",2016
"401 Live Free or Die Hard","$388,156,011","$134,529,403","34.7%","$253,626,608","65.3%","2007",NA
"402","Godzilla: King of the Monsters","$387,300,138","$110,500,138","28.5%","$276,800,000","71.5%",2019
"403","Monster Hunt","$387,053,506","$32,766","<0.1%","$387,020,740","100%",2015
"404","Home","$386,041,607","$177,397,510","46%","$208,644,097","54%",2015
"405","Star Trek","$385,681,768","$257,730,019","66.8%","$127,951,749","33.2%",2009
"406","Back to the Future","$385,053,307","$214,553,307","55.7%","$170,500,000","44.3%",1985
"407","Happy Feet","$384,336,781","$198,000,317","51.5%","$186,336,464","48.5%",2006
"408","Indiana Jones and the Dial of Destiny","$383,963,057","$174,480,468","45.4%","$209,482,589","54.6%",2023
"409","Cars 3","$383,930,656","$152,901,115","39.8%","$231,029,541","60.2%",2017
"410","Ice Age","$383,257,136","$176,387,405","46%","$206,869,731","54%",2002
"411","Thunderbolts*","$382,436,917","$190,274,328","49.8%","$192,162,589","50.2%",2025
"412","Fifty Shades Darker","$381,545,846","$114,581,250","30%","$266,964,596","70%",2017
"413","Monsters vs. Aliens","$381,509,870","$198,351,526","52%","$183,158,344","48%",2009
"414","Edge of Tomorrow","$381,055,527","$100,206,256","26.3%","$280,849,271","73.7%",2014
"415","Mad Max: Fury Road","$380,456,026","$154,280,290","40.6%","$226,175,736","59.4%",2015
"416","Black Widow","$379,751,655","$183,651,655","48.4%","$196,100,000","51.6%",2021
"417","Godzilla","$379,014,294","$136,314,294","36%","$242,700,000","64%",1998
"418","True Lies","$378,882,411","$146,282,411","38.6%","$232,600,000","61.4%",1994
"419","Slumdog Millionaire","$378,411,362","$141,319,928","37.4%","$237,091,434","62.6%",2008
"420","Taken 2","$376,152,455","$139,854,287","37.2%","$236,298,168","62.8%",2012
"421","G.I. Joe: Retaliation","$375,740,705","$122,523,060","32.6%","$253,217,645","67.4%",2013
"422","Batman Begins","$375,545,613","$206,863,479","55.1%","$168,682,134","44.9%",2005
"423","Shark Tale","$374,583,879","$160,861,908","42.9%","$213,721,971","57.1%",2004
"424","What Women Want","$374,111,707","$182,811,707","48.9%","$191,300,000","51.1%",2000
"425","The Adventures of Tintin","$373,994,233","$77,591,831","20.8%","$296,402,402","79.2%",2011
"426","Penguins of Madagascar","$373,515,621","$83,850,911","22.4%","$289,664,710","77.6%",2014
"427","X-Men Origins: Wolverine","$373,062,864","$179,883,157","48.2%","$193,179,707","51.8%",2009
"428","Creation of the Gods I: Kingdom of Storms","$373,044,244","$1,706,355","0.5%","$371,337,889","99.5%",2023
"429","Twisters","$372,262,265","$267,762,265","71.9%","$104,500,000","28.1%",2024
"430","The Golden Compass","$372,234,864","$70,107,728","18.8%","$302,127,136","81.2%",2007
"431","Fifty Shades Freed","$371,985,018","$100,407,760","27%","$271,577,258","73%",2018
"432","Hitch","$371,594,603","$179,495,555","48.3%","$192,099,048","51.7%",2005
"433","Terminator Salvation","$371,353,001","$125,322,469","33.8%","$246,030,532","66.2%",2009
"434","Gone Girl","$370,890,259","$167,767,189","45.2%","$203,123,070","54.8%",2014
"435","Captain America: The First Avenger","$370,569,774","$176,654,505","47.7%","$193,915,269","52.3%",2011
"436","There's Something About Mary","$369,884,651","$176,484,651","47.7%","$193,400,000","52.3%",1998
"437","The Fugitive","$368,875,760","$183,875,760","49.8%","$185,000,000","50.2%",1993
"438","Jurassic Park III","$368,780,809","$181,171,875","49.1%","$187,608,934","50.9%",2001
"439","My Big Fat Greek Wedding","$368,744,044","$241,438,208","65.5%","$127,305,836","34.5%",2002
"440","Shazam!","$367,799,011","$140,480,049","38.2%","$227,318,962","61.8%",2019
"441","Hello Mr. Billionaire","$366,961,907","-","-","$366,961,907","100%",2018
"442","Sinners","$366,678,513","$278,578,513","76%","$88,100,000","24%",2025
"443","Die Hard with a Vengeance","$366,101,666","$100,012,499","27.3%","$266,089,167","72.7%",1995
"444","The Nun","$366,082,797","$117,481,222","32.1%","$248,601,575","67.9%",2018
"445","Alvin and the Chipmunks","$365,352,546","$217,326,974","59.5%","$148,025,572","40.5%",2007
"446","Tenet","$365,304,105","$58,504,105","16%","$306,800,000","84%",2020
"447","Notting Hill","$364,015,475","$116,089,678","31.9%","$247,925,797","68.1%",1999
"448","A Bug's Life","$363,258,859","$162,798,565","44.8%","$200,460,294","55.2%",1998
"449","Night at the Museum: Secret of the Tomb","$363,204,635","$113,746,621","31.3%","$249,458,014","68.7%",2014
"450","Ocean's Twelve","$362,744,280","$125,544,280","34.6%","$237,200,000","65.4%",2004
"451","Mary Poppins Returns","$362,529,106","$171,958,438","47.4%","$190,570,668","52.6%",2018
"452","Planet of the Apes","$362,211,740","$180,011,740","49.7%","$182,200,000","50.3%",2001
"453","The Hangover Part III","$362,000,072","$112,200,072","31%","$249,800,000","69%",2013
"454","The World Is Not Enough","$361,832,400","$126,943,684","35.1%","$234,888,716","64.9%",1999
"455","Monster Hunt 2","$361,682,618","$706,153","0.2%","$360,976,465","99.8%",2018
"456","Fast & Furious","$360,405,638","$155,064,265","43%","$205,341,373","57%",2009
"457","Noah","$359,200,044","$101,200,044","28.2%","$258,000,000","71.8%",2014
"458","The Karate Kid","$359,126,022","$176,591,618","49.2%","$182,534,404","50.8%",2010
"459","Home Alone 2: Lost in New York","$358,994,850","$173,585,516","48.4%","$185,409,334","51.6%",1992
"460","Spirited Away","$358,592,982","$13,750,644","3.8%","$344,842,338","96.2%",2001
"461","Hotel Transylvania","$358,488,860","$148,426,305","41.4%","$210,062,555","58.6%",2012
"462","Minority Report","$358,372,926","$132,072,926","36.8%","$226,300,000","63.2%",2002
"463","Top Gun","$357,288,178","$180,258,178","50.4%","$177,030,000","49.6%",1986
"464","The Legend of Tarzan","$357,243,061","$126,643,061","35.4%","$230,600,000","64.6%",2016
"465","American Beauty","$356,296,601","$130,096,601","36.5%","$226,200,000","63.5%",1999
"466","Apollo 13","$355,770,228","$174,692,658","49.1%","$181,077,570","50.9%",1995
"467","Rain Man","$354,825,435","$172,825,435","48.7%","$182,000,000","51.3%",1988
"468","The Great Gatsby","$353,660,028","$144,857,996","41%","$208,802,032","59%",2013
"469","Dumbo","$353,284,621","$114,766,307","32.5%","$238,518,314","67.5%",2019
"470","I, Robot","$353,133,898","$144,801,023","41%","$208,332,875","59%",2004
"471","Basic Instinct","$352,927,224","$117,727,224","33.4%","$235,200,000","66.6%",1992
"472","Murder on the Orient Express","$352,794,081","$102,826,543","29.2%","$249,967,538","70.8%",2017
"473","X-Men: First Class","$352,616,690","$146,408,305","41.5%","$206,208,385","58.5%",2011
"474","The Angry Birds Movie","$352,333,929","$107,509,366","30.5%","$244,824,563","69.5%",2016
"475","GoldenEye","$352,194,034","$106,429,941","30.2%","$245,764,093","69.8%",1995
"476","Catch Me If You Can","$352,114,312","$164,615,351","46.8%","$187,498,961","53.2%",2002
"477","Now You See Me","$351,723,989","$117,723,989","33.5%","$234,000,000","66.5%",2013
"478","Hannibal","$351,692,268","$165,092,268","46.9%","$186,600,000","53.1%",2001
"479","The Mask","$351,583,407","$119,938,730","34.1%","$231,644,677","65.9%",1994
"480","Peter Rabbit","$351,516,614","$115,253,424","32.8%","$236,263,190","67.2%",2018
"481","It Ends with Us","$351,441,044","$148,518,266","42.3%","$202,922,778","57.7%",2024
"482","Alien: Romulus","$350,865,342","$105,313,091","30%","$245,552,251","70%",2024
"483","Speed","$350,448,145","$121,248,145","34.6%","$229,200,000","65.4%",1994
"484","Dinosaur","$349,822,765","$137,748,063","39.4%","$212,074,702","60.6%",2000
"485","Deep Impact","$349,464,664","$140,464,664","40.2%","$209,000,000","59.8%",1998
"486","The Lorax","$349,305,397","$214,494,550","61.4%","$134,810,847","38.6%",2012
"487","The Maze Runner","$348,319,861","$102,427,862","29.4%","$245,891,999","70.6%",2014
"488","The Hunger Games: The Ballad of Songbirds & Snakes","$347,720,766","$166,350,594","47.8%","$181,370,172","52.2%",2023
"489","The Smurfs 2","$347,545,360","$71,017,784","20.4%","$276,527,576","79.6%",2013
"490","National Treasure","$347,512,530","$173,008,894","49.8%","$174,503,636","50.2%",2004
"491","Trolls","$347,337,803","$154,174,089","44.4%","$193,163,714","55.6%",2016
"492","Rush Hour 2","$347,325,802","$226,164,286","65.1%","$121,161,516","34.9%",2001
"493","How the Grinch Stole Christmas","$347,162,175","$261,901,880","75.4%","$85,260,295","24.6%",2000
"494","xXx: Return of Xander Cage","$346,118,277","$44,898,413","13%","$301,219,864","87%",2017
"495","Pocahontas","$346,079,773","$141,579,773","40.9%","$204,500,000","59.1%",1995
"496","Star Trek Beyond","$343,471,816","$158,848,340","46.2%","$184,623,476","53.8%",2016
"497","Alvin and the Chipmunks: Chipwrecked","$342,695,435","$133,110,742","38.8%","$209,584,693","61.2%",2011
"498","Wanted","$342,463,063","$134,508,551","39.3%","$207,954,512","60.7%",2008
"499","The Flintstones","$341,631,208","$130,531,208","38.2%","$211,100,000","61.8%",1994
"500","A Quiet Place","$340,955,294","$188,024,361","55.2%","$152,930,933","44.8%",2018
"501","Enchanted","$340,487,869","$127,807,262","37.5%","$212,680,607","62.5%",2007
"502","Over the Hedge","$339,795,890","$155,019,340","45.6%","$184,776,550","54.4%",2006
"503","300: Rise of an Empire","$337,580,051","$106,580,051","31.6%","$231,000,000","68.4%",2014
"504","Batman Forever","$336,567,158","$184,069,126","54.7%","$152,498,032","45.3%",1995
"505","Prince of Persia: The Sands of Time","$336,365,676","$90,759,676","27%","$245,606,000","73%",2009
"506","The Curious Case of Benjamin Button","$335,802,786","$127,509,326","38%","$208,293,460","62%",2008
"507","Journey 2: The Mysterious Island","$335,288,576","$103,887,748","31%","$231,400,828","69%",2012
"508","The Rock","$335,062,621","$134,069,511","40%","$200,993,110","60%",1996
"509","The Great Wall","$334,933,831","$45,540,830","13.6%","$289,393,001","86.4%",2016
"510","Now You See Me 2","$334,897,606","$65,075,540","19.4%","$269,822,066","80.6%",2016
"511","The Wild Robot","$334,537,187","$143,901,945","43%","$190,635,242","57%",2024
"512","Never Say Die","$334,530,869","-","-","$334,530,869","100%",2017
"513","Fantastic Four","$333,535,934","$154,696,080","46.4%","$178,839,854","53.6%",2005
"514","Indiana Jones and the Temple of Doom","$333,107,271","$179,870,271","54%","$153,237,000","46%",1984
"515","Tomorrow Never Dies","$333,011,068","$125,304,276","37.6%","$207,706,792","62.4%",1997
"516","Back to the Future Part II","$332,861,197","$119,361,197","35.9%","$213,500,000","64.1%",1989
"517","The Good Dinosaur","$332,207,671","$123,087,120","37%","$209,120,551","63%",2015
"518","Little Women","$332,103,783","$108,101,214","32.6%","$224,002,569","67.4%",2019
"519","Free Guy","$331,526,598","$121,626,598","36.7%","$209,900,000","63.3%",2021
"520","22 Jump Street","$331,333,876","$191,719,337","57.9%","$139,614,539","42.1%",2014
"521","Meet the Parents","$330,444,045","$166,244,045","50.3%","$164,200,000","49.7%",2000
"522","Black Swan","$330,213,626","$107,770,258","32.6%","$222,443,368","67.4%",2010
"523","Who Framed Roger Rabbit","$329,803,958","$156,452,370","47.4%","$173,351,588","52.6%",1988
"524","Seven","$328,983,304","$101,040,643","30.7%","$227,942,661","69.3%",1995
"525","The Perfect Storm","$328,718,434","$182,618,434","55.6%","$146,100,000","44.4%",2000
"526","John Wick: Chapter 3 - Parabellum","$328,349,908","$171,015,687","52.1%","$157,334,221","47.9%",2019
"527","Crocodile Dundee","$328,203,506","$174,803,506","53.3%","$153,400,000","46.7%",1986
"528","Crazy Alien","$327,598,891","-","-","$327,598,891","100%",2019
"529","The Devil Wears Prada","$326,554,910","$124,740,460","38.2%","$201,814,450","61.8%",2006
"530","Taken 3","$326,479,141","$89,256,424","27.3%","$237,222,717","72.7%",2015
"531","Paddington","$326,113,057","$76,271,832","23.4%","$249,841,225","76.6%",2014
"532","The Hunchback of Notre Dame","$325,338,851","$100,138,851","30.8%","$225,200,000","69.2%",1996
"533","A Christmas Carol","$325,286,646","$137,855,863","42.4%","$187,430,783","57.6%",2009
"534","The SpongeBob Movie: Sponge Out of Water","$325,186,032","$162,994,032","50.1%","$162,192,000","49.9%",2015
"535","Bridesmaids","$324,840,797","$169,106,725","52.1%","$155,734,072","47.9%",2011
"536","The Conjuring 2","$322,819,915","$102,516,140","31.8%","$220,303,775","68.2%",2016
"537","Schindler's List","$322,161,245","$96,898,818","30.1%","$225,262,427","69.9%",1993
"538","Megamind","$321,885,765","$148,415,853","46.1%","$173,469,912","53.9%",2010
"539","Green Book","$321,752,656","$85,080,171","26.4%","$236,672,485","73.6%",2018
"540","Lethal Weapon 3","$321,731,527","$144,731,527","45%","$177,000,000","55%",1992
"541","Robin Hood","$321,669,741","$105,269,730","32.7%","$216,400,011","67.3%",2010
"542","Inglourious Basterds","$321,460,744","$120,540,719","37.5%","$200,920,025","62.5%",2009
"543","101 Dalmatians","$320,689,294","$136,189,294","42.5%","$184,500,000","57.5%",1996
"544","The Conjuring","$320,422,209","$137,446,368","42.9%","$182,975,841","57.1%",2013
"545","Fatal Attraction","$320,145,693","$156,645,693","48.9%","$163,500,000","51.1%",1987
"546","Sonic the Hedgehog","$319,715,683","$148,974,665","46.6%","$170,741,018","53.4%",2020
"547","The Last Airbender","$319,713,881","$131,772,187","41.2%","$187,941,694","58.8%",2010
"548","The Polar Express","$318,910,211","$189,528,738","59.4%","$129,381,473","40.6%",2004
"549","The Proposal","$317,375,937","$163,958,031","51.7%","$153,417,906","48.3%",2009
"550","A Beautiful Mind","$316,791,257","$170,742,341","53.9%","$146,048,916","46.1%",2001
"551","Beverly Hills Cop","$316,360,478","$234,760,478","74.2%","$81,600,000","25.8%",1984
"552","Air Force One","$315,156,409","$172,956,409","54.9%","$142,200,000","45.1%",1997
"553","Wonder","$315,025,930","$132,422,809","42%","$182,603,121","58%",2017
"554","The Expendables 2","$314,975,955","$85,028,192","27%","$229,947,763","73%",2012
"555","Final Destination: Bloodlines","$314,630,814","$138,130,814","43.9%","$176,500,000","56.1%",2025
"556","Chicken Little","$314,432,837","$135,386,665","43.1%","$179,046,172","56.9%",2005
"557","As Good as It Gets","$314,178,011","$148,478,011","47.3%","$165,700,000","52.7%",1997
"558","Austin Powers: The Spy Who Shagged Me","$313,701,294","$206,040,086","65.7%","$107,661,208","34.3%",1999
"559","Knives Out","$312,897,920","$165,363,234","52.8%","$147,534,686","47.2%",2019
"560","The Lego Batman Movie","$312,336,671","$175,936,671","56.3%","$136,400,000","43.7%",2017
"561","Maze Runner: The Scorch Trials","$312,296,056","$81,697,192","26.2%","$230,598,864","73.8%",2015
"562","Resident Evil: The Final Chapter","$312,242,626","$26,830,068","8.6%","$285,412,558","91.4%",2016
"563","Ocean's Thirteen","$311,312,624","$117,154,724","37.6%","$194,157,900","62.4%",2007
"564","Little Fockers","$310,650,585","$148,438,600","47.8%","$162,211,985","52.2%",2010
"565","Bolt","$309,979,994","$114,053,579","36.8%","$195,926,415","63.2%",2008
"566","Ransom","$309,492,681","$136,492,681","44.1%","$173,000,000","55.9%",1996
"567","Runaway Bride","$309,460,292","$152,257,509","49.2%","$157,202,783","50.8%",1999
"568","The Blind Side","$309,231,694","$255,982,860","82.8%","$53,248,834","17.2%",2009
"569","The Ex-File 3: Return of the Exes","$307,592,427","$838,959","0.3%","$306,753,468","99.7%",2017
"570","The Fault in Our Stars","$307,170,119","$124,872,350","40.6%","$182,297,769","59.4%",2014
"571","The Pursuit of Happyness","$307,127,625","$163,566,459","53.3%","$143,561,166","46.7%",2006
"572","Rise of the Guardians","$306,941,670","$103,412,758","33.7%","$203,528,912","66.3%",2012
"573","Article 20","$306,899,794","-","-","$306,899,794","100%",2024
"574","Close Encounters of the Third Kind","$306,889,114","$135,189,114","44%","$171,700,000","56%",1977
"575","Chicago","$306,777,366","$170,687,518","55.6%","$136,089,848","44.4%",2002
"576","Annabelle: Creation","$306,592,201","$102,092,201","33.3%","$204,500,000","66.7%",2017
"577","Skyscraper","$304,870,828","$68,420,120","22.4%","$236,450,708","77.6%",2018
"578","A Good Day to Die Hard","$304,654,182","$67,349,198","22.1%","$237,304,984","77.9%",2013
"579","Mulan","$304,320,254","$120,620,254","39.6%","$183,700,000","60.4%",1998
"580","Dangal","$303,726,694","$12,391,761","4.1%","$291,334,933","95.9%",2016
"581","Passengers","$303,144,152","$100,014,699","33%","$203,129,453","67%",2016
"582","Battleship","$303,025,485","$65,422,625","21.6%","$237,602,860","78.4%",2012
"583","Liar Liar","$302,710,615","$181,410,615","59.9%","$121,300,000","40.1%",1997
"584","G.I. Joe: The Rise of Cobra","$302,469,017","$150,201,498","49.7%","$152,267,519","50.3%",2009
"585","Wrath of the Titans","$301,970,083","$83,670,083","27.7%","$218,300,000","72.3%",2012
"586","Never Say Never","$301,957,043","-","-","$301,957,043","100%",2023
"587","Fantastic Four: Rise of the Silver Surfer","$301,913,131","$131,921,738","43.7%","$169,991,393","56.3%",2007
"588","Hook","$300,854,823","$119,654,823","39.8%","$181,200,000","60.2%",1991
"589","Superman","$300,478,449","$134,478,449","44.8%","$166,000,000","55.2%",1978
"590","Rocky IV","$300,473,716","$127,873,716","42.6%","$172,600,000","57.4%",1985
"591","Rambo: First Blood Part II","$300,400,432","$150,415,432","50.1%","$149,985,000","49.9%",1985
"592","Resident Evil: Afterlife","$300,228,084","$60,128,566","20%","$240,099,518","80%",2010
"593","Migration","$300,187,799","$127,630,880","42.5%","$172,556,919","57.5%",2023
"594","Van Helsing","$300,157,638","$120,177,084","40%","$179,980,554","60%",2004
"595","Stuart Little","$300,135,367","$140,035,367","46.7%","$160,100,000","53.3%",1999
"596","Beverly Hills Cop II","$299,965,036","$153,665,036","51.2%","$146,300,000","48.8%",1987
"597","Alice Through the Looking Glass","$299,820,798","$77,041,381","25.7%","$222,779,417","74.3%",2016
"598","My Best Friend's Wedding","$299,288,605","$127,120,029","42.5%","$172,168,576","57.5%",1997
"599","Real Steel","$299,268,508","$85,468,508","28.6%","$213,800,000","71.4%",2011
"600","Horton Hears a Who!","$298,572,799","$154,529,439","51.8%","$144,043,360","48.2%",2008
"601","Ocean's Eight","$297,795,726","$140,295,726","47.1%","$157,500,000","52.9%",2018
"602","A Quiet Place Part II","$297,372,261","$160,072,261","53.8%","$137,300,000","46.2%",2021
"603","Insurgent","$297,002,527","$130,179,072","43.8%","$166,823,455","56.2%",2015
"604","Look Who's Talking","$296,999,813","$140,088,813","47.2%","$156,911,000","52.8%",1989
"605","Austin Powers in Goldmember","$296,939,148","$213,307,889","71.8%","$83,631,259","28.2%",2002
"606","Ghostbusters","$296,640,120","$243,640,120","82.1%","$53,000,000","17.9%",1984
"607","Miss Peregrine's Home for Peculiar Children","$296,482,446","$87,242,834","29.4%","$209,239,612","70.6%",2016
"608","X-Men","$296,339,528","$157,299,718","53.1%","$139,039,810","46.9%",2000
"609","Ferdinand","$296,069,199","$84,410,380","28.5%","$211,658,819","71.5%",2017
"610","Shutter Island","$294,978,537","$128,012,934","43.4%","$166,965,603","56.6%",2010
"611","Doctor Dolittle","$294,456,605","$144,156,605","49%","$150,300,000","51%",1998
"612","Bee Movie","$293,514,336","$126,631,277","43.1%","$166,883,059","56.9%",2007
"613","Salt","$293,503,354","$118,311,368","40.3%","$175,191,986","59.7%",2010
"614","G-Force","$292,817,898","$119,436,770","40.8%","$173,381,128","59.2%",2009
"615","The Bourne Supremacy","$292,542,992","$176,241,941","60.2%","$116,301,051","39.8%",2004
"616","The Departed","$292,082,798","$132,399,394","45.3%","$159,683,404","54.7%",2006
"617","Five Nights at Freddy's","$291,493,620","$137,275,620","47.1%","$154,218,000","52.9%",2023
"618","What Lies Beneath","$291,420,351","$155,464,351","53.4%","$135,956,000","46.6%",2000
"619","Pacific Rim: Uprising","$290,930,148","$59,874,525","20.6%","$231,055,623","79.4%",2018
"620","Sex and the City 2","$290,745,055","$95,347,692","32.8%","$195,397,363","67.2%",2010
"621","Paddington 2","$290,132,513","$40,907,738","14.1%","$249,224,775","85.9%",2017
"622","Shakespeare in Love","$289,317,794","$100,317,794","34.7%","$189,000,000","65.3%",1998
"623","Casper","$289,121,529","$101,521,529","35.1%","$187,600,000","64.9%",1995
"624","Divergent","$288,885,818","$150,947,895","52.2%","$137,937,923","47.8%",2014
"625","Coming to America","$288,752,301","$128,152,301","44.4%","$160,600,000","55.6%",1988
"626","Elvis","$288,670,284","$151,040,048","52.3%","$137,630,236","47.7%",2022
"627","Wedding Crashers","$288,485,135","$209,273,411","72.5%","$79,211,724","27.5%",2005
"628","Maze Runner: The Death Cure","$288,175,335","$58,032,443","20.1%","$230,142,892","79.9%",2018
"629","American Pie 2","$287,553,595","$145,103,595","50.5%","$142,450,000","49.5%",2001
"630","Pitch Perfect 2","$287,144,079","$184,296,230","64.2%","$102,847,849","35.8%",2015
"631","The Green Mile","$286,801,374","$136,801,374","47.7%","$150,000,000","52.3%",1999
"632","Oblivion","$286,168,572","$89,107,235","31.1%","$197,061,337","68.9%",2013
"633","Elysium","$286,140,700","$93,050,117","32.5%","$193,090,583","67.5%",2013
"634","Lethal Weapon 4","$285,444,603","$130,444,603","45.7%","$155,000,000","54.3%",1998
"635","John Carter","$284,139,100","$73,078,100","25.7%","$211,061,000","74.3%",2012
"636","Turbo","$282,570,682","$83,028,128","29.4%","$199,542,554","70.6%",2013
"637","The Boy and the Heron","$282,422,186","$46,832,867","16.6%","$235,589,319","83.4%",2023
"638","Bridget Jones's Diary","$281,996,961","$71,543,427","25.4%","$210,453,534","74.6%",2001
"639","The Tourist","$278,780,441","$67,631,157","24.3%","$211,149,284","75.7%",2010
"640","Split","$278,454,417","$138,291,365","49.7%","$140,163,052","50.3%",2017
"641","Scary Movie","$278,019,771","$157,019,771","56.5%","$121,000,000","43.5%",2000
"642","Blade Runner 2049","$277,937,605","$92,071,675","33.1%","$185,865,930","66.9%",2017
"643","xXx","$277,448,382","$142,109,382","51.2%","$135,339,000","48.8%",2002
"644","Creed III","$276,148,615","$156,248,615","56.6%","$119,900,000","43.4%",2023
"645","The Bourne Legacy","$276,144,750","$113,203,870","41%","$162,940,880","59%",2012
"646","Mr. Peabody & Sherman","$275,698,039","$111,506,430","40.4%","$164,191,609","59.6%",2014
"647","Scooby-Doo","$275,679,958","$153,322,074","55.6%","$122,357,884","44.4%",2002
"648","Lincoln","$275,293,450","$182,207,973","66.2%","$93,085,477","33.8%",2012
"649","Tomb Raider","$274,950,803","$58,250,803","21.2%","$216,700,000","78.8%",2018
"650","Lilo & Stitch","$274,749,220","$145,794,338","53.1%","$128,954,882","46.9%",2002
"651","Lara Croft: Tomb Raider","$274,703,340","$131,168,070","47.8%","$143,535,270","52.2%",2001
"652","The Expendables","$274,470,394","$103,068,524","37.6%","$171,401,870","62.4%",2010
"653","Cloudy with a Chance of Meatballs 2","$274,325,949","$119,793,567","43.7%","$154,532,382","56.3%",2013
"654","The Nutty Professor","$273,961,019","$128,814,019","47%","$145,147,000","53%",1996
"655","Jerry Maguire","$273,552,592","$153,952,592","56.3%","$119,600,000","43.7%",1996
"656","Bad Boys II","$273,340,010","$138,608,444","50.7%","$134,731,566","49.3%",2003
"657","The Silence of the Lambs","$272,742,922","$130,742,922","47.9%","$142,000,000","52.1%",1991
"658","Grown Ups","$271,457,606","$162,001,186","59.7%","$109,456,420","40.3%",2010
"659","The Flash","$271,433,313","$108,133,313","39.8%","$163,300,000","60.2%",2023
"660","Neighbors","$270,665,134","$150,157,400","55.5%","$120,507,734","44.5%",2014
"661","The Firm","$270,248,367","$158,348,367","58.6%","$111,900,000","41.4%",1993
"662","We're the Millers","$269,994,119","$150,394,119","55.7%","$119,600,000","44.3%",2012
"663","Gran Torino","$269,958,228","$148,095,302","54.9%","$121,862,926","45.1%",2008
"664","10,000 BC","$269,784,201","$94,784,201","35.1%","$175,000,000","64.9%",2008
"665","American Gangster","$269,755,430","$130,164,645","48.2%","$139,590,785","51.8%",2007
"666","The Nun II","$269,667,073","$86,267,073","32%","$183,400,000","68%",2023
"667","Epic","$268,426,634","$107,518,682","40.1%","$160,907,952","59.9%",2013
"668","Exodus: Gods and Kings","$268,175,631","$65,014,513","24.2%","$203,161,118","75.8%",2014
"669","This Is It","$267,983,588","$72,091,016","26.9%","$195,892,572","73.1%",2009
"670","Bambi","$267,447,150","$102,247,150","38.2%","$165,200,000","61.8%",1942
"671","The Princess and the Frog","$267,056,816","$104,400,899","39.1%","$162,655,917","60.9%",2009
"672","Batman Returns","$266,941,512","$162,924,631","61%","$104,016,881","39%",1992
"673","Indecent Proposal","$266,614,059","$106,614,059","40%","$160,000,000","60%",1993
"674","Weapons","$266,268,865","$151,068,865","56.7%","$115,200,000","43.3%",2025
"675","Something's Gotta Give","$265,328,738","$124,728,738","47%","$140,600,000","53%",2003
"676","Bridget Jones: The Edge of Reason","$265,126,918","$40,226,215","15.2%","$224,900,703","84.8%",2004
"677","The Incredible Hulk","$264,770,996","$134,806,913","50.9%","$129,964,083","49.1%",2008
"678","Waterworld","$264,218,220","$88,246,220","33.4%","$175,972,000","66.6%",1995
"679","The Truman Show","$264,118,712","$125,618,201","47.6%","$138,500,511","52.4%",1998
"680","Charlie's Angels","$264,105,545","$125,305,545","47.4%","$138,800,000","52.6%",2000
"681","The Fifth Element","$263,920,180","$63,820,180","24.2%","$200,100,000","75.8%",1997
"682","Jumanji","$262,821,940","$100,499,940","38.2%","$162,322,000","61.8%",1995
"683","Borat","$262,552,893","$128,505,958","48.9%","$134,046,935","51.1%",2006
"684","Parasite","$262,538,001","$53,847,897","20.5%","$208,690,104","79.5%",2019
"685","Robots","$262,511,490","$128,200,012","48.8%","$134,311,478","51.2%",2005
"686","Knight and Day","$261,930,436","$76,423,035","29.2%","$185,507,401","70.8%",2010
"687","A Quiet Place: Day One","$261,907,653","$139,051,884","53.1%","$122,855,769","46.9%",2024
"688","Taylor Swift: The Eras Tour","$261,656,269","$180,756,269","69.1%","$80,900,000","30.9%",2023
"689","Total Recall","$261,317,921","$119,412,921","45.7%","$141,905,000","54.3%",1990
"690","Encanto","$261,292,688","$96,093,622","36.8%","$165,199,066","63.2%",2021
"691","Terminator: Dark Fate","$261,119,292","$62,253,077","23.8%","$198,866,215","76.2%",2019
"692","The Lone Ranger","$260,502,115","$89,302,115","34.3%","$171,200,000","65.7%",2013
"693","Super 8","$260,095,986","$127,004,179","48.8%","$133,091,807","51.2%",2011
"694","Halloween","$259,939,869","$159,342,015","61.3%","$100,597,854","38.7%",2018
"695","Get Out","$259,847,228","$176,196,665","67.8%","$83,650,563","32.2%",2016
"696","Mojin: The Lost Legend","$259,368,448","$1,243,810","0.5%","$258,124,638","99.5%",2015
"697","Charlie's Angels: Full Throttle","$259,175,788","$100,830,111","38.9%","$158,345,677","61.1%",2003
"698","Rush Hour 3","$258,097,122","$140,125,968","54.3%","$117,971,154","45.7%",2007
"699","The Full Monty","$257,938,649","$45,950,122","17.8%","$211,988,527","82.2%",1997
"700","Erin Brockovich","$257,851,763","$125,595,205","48.7%","$132,256,558","51.3%",2000
"701","Kung Fu Yoga","$257,753,889","$362,657","0.1%","$257,391,232","99.9%",2017
"702","Annabelle","$257,589,952","$84,284,252","32.7%","$173,305,700","67.3%",2014
"703","The Garfield Movie","$257,211,519","$91,956,547","35.8%","$165,254,972","64.2%",2024
"704","The Village","$256,697,520","$114,197,520","44.5%","$142,500,000","55.5%",2003
"705","Lost in Hong Kong","$256,283,912","$1,302,281","0.5%","$254,981,631","99.5%",2015
"706","Us","$256,071,218","$175,084,580","68.4%","$80,986,638","31.6%",2019
"707","Pegasus","$255,863,112","-","-","$255,863,112","100%",2019
"708","Marley & Me","$255,743,968","$143,153,751","56%","$112,590,217","44%",2008
"709","Cliffhanger","$255,000,211","$84,049,211","33%","$170,951,000","67%",1993
"710","Wish","$254,997,360","$63,973,821","25.1%","$191,023,539","74.9%",2023
"711","Baahubali 2: The Conclusion","$254,158,390","$20,186,659","7.9%","$233,971,731","92.1%",2017
"712","Babe","$254,134,910","$63,658,910","25%","$190,476,000","75%",1995
"713","Men in Black: International","$253,890,701","$80,001,807","31.5%","$173,888,894","68.5%",2019
"714","Wild Hogs","$253,625,427","$168,273,550","66.4%","$85,351,877","33.6%",2007
"715","High School Musical 3: Senior Year","$252,937,244","$90,559,416","35.8%","$162,377,828","64.2%",2008
"716","Hercules","$252,712,101","$99,112,101","39.2%","$153,600,000","60.8%",1997
"717","X-Men: Dark Phoenix","$252,442,974","$65,845,974","26.1%","$186,597,000","73.9%",2019
"718","True Grit","$252,278,285","$171,243,005","67.9%","$81,035,280","32.1%",2010
"719","Dolittle","$251,410,631","$77,047,065","30.6%","$174,363,566","69.4%",2020
"720","Bean","$251,212,670","$45,319,423","18%","$205,893,247","82%",1997
"721","American Hustle","$251,171,807","$150,117,807","59.8%","$101,054,000","40.2%",2013
"722","Boonie Bears: Time Twist","$250,921,235","-","-","$250,921,235","100%",2024
"723","Enemy of the State","$250,849,789","$111,549,836","44.5%","$139,299,953","55.5%",1998
"724","You've Got Mail","$250,821,575","$115,821,495","46.2%","$135,000,080","53.8%",1998
"725","Love Actually","$250,779,876","$60,352,285","24.1%","$190,427,591","75.9%",2003
"726","The Godfather","$250,595,666","$136,381,073","54.4%","$114,214,593","45.6%",1972
"727","Sound of Freedom","$250,570,396","$184,178,046","73.5%","$66,392,350","26.5%",2023
"728","Eragon","$250,425,512","$75,030,163","30%","$175,395,349","70%",2006
"729","Brother Bear","$250,397,798","$85,336,277","34.1%","$165,061,521","65.9%",2003
"730","The Bad Guys","$250,387,888","$97,459,240","38.9%","$152,928,648","61.1%",2022
"731","Chang An","$250,318,788","-","-","$250,318,788","100%",2023
"732","The Mask of Zorro","$250,288,523","$94,095,523","37.6%","$156,193,000","62.4%",1998
"733","The Ring","$249,348,933","$129,128,133","51.8%","$120,220,800","48.2%",2002
"734","The Blair Witch Project","$248,639,099","$140,539,099","56.5%","$108,100,000","43.5%",1999
"735","Unbreakable","$248,118,121","$95,011,339","38.3%","$153,106,782","61.7%",2000
"736","Journey to the West: The Demons Strike Back","$247,585,244","$880,346","0.4%","$246,704,898","99.6%",2017
"737","Dumb and Dumber","$247,290,327","$127,190,327","51.4%","$120,100,000","48.6%",1994
"738","Glass","$246,999,039","$111,048,468","45%","$135,950,571","55%",2019
"739","Grown Ups 2","$246,984,278","$133,668,525","54.1%","$113,315,753","45.9%",2013
"740","The First Slam Dunk","$246,880,077","$1,291,869","0.5%","$245,588,208","99.5%",2022
"741","The Peanuts Movie","$246,233,113","$130,178,411","52.9%","$116,054,702","47.1%",2015
"742","Rango","$245,724,603","$123,477,607","50.2%","$122,246,996","49.8%",2011
"743","Four Weddings and a Funeral","$245,700,832","$52,700,832","21.4%","$193,000,000","78.6%",1994
"744","Face/Off","$245,676,146","$112,276,146","45.7%","$133,400,000","54.3%",1997
"745","Teenage Mutant Ninja Turtles: Out of the Shadows","$245,623,848","$82,051,601","33.4%","$163,572,247","66.6%",2016
"746","Dark Shadows","$245,527,149","$79,727,149","32.5%","$165,800,000","67.5%",2012
"747","Hulk","$245,285,165","$132,177,234","53.9%","$113,107,931","46.1%",2003
"748","The Bravest","$245,179,562","$290,217","0.1%","$244,889,345","99.9%",2019
"749","Welcome to the Sticks","$245,144,417","-","-","$245,144,417","100%",2008
"750","Back to the Future Part III","$245,077,583","$88,277,583","36%","$156,800,000","64%",1990
"751","Pixels","$244,874,809","$78,747,585","32.2%","$166,127,224","67.8%",2015
"752","Hercules","$244,819,862","$72,688,614","29.7%","$172,131,248","70.3%",2014
"753","Rush Hour","$244,721,064","$141,186,864","57.7%","$103,534,200","42.3%",1998
"754","Journey to the Center of the Earth","$244,232,688","$101,704,370","41.6%","$142,528,318","58.4%",2008
"755","Sully","$243,870,033","$125,070,033","51.3%","$118,800,000","48.7%",2016
"756","After Earth","$243,611,982","$60,522,097","24.8%","$183,089,885","75.2%",2013
"757","A Few Good Men","$243,240,178","$141,340,178","58.1%","$101,900,000","41.9%",1992
"758","Cloudy with a Chance of Meatballs","$243,006,136","$124,870,275","51.4%","$118,135,861","48.6%",2009
"759","8 Mile","$242,875,078","$116,750,901","48.1%","$126,124,177","51.9%",2002
"760","Daddy's Home","$242,786,137","$150,357,137","61.9%","$92,429,000","38.1%",2015
"761","RoboCop","$242,688,965","$58,607,007","24.2%","$184,081,958","75.8%",2014
"762","Howl's Moving Castle","$242,468,729","$10,352,604","4.3%","$232,116,125","95.7%",2004
"763","Eraser","$242,295,562","$101,295,562","41.8%","$141,000,000","58.2%",1996
"764","Alien: Covenant","$240,892,187","$74,262,031","30.8%","$166,630,156","69.2%",2017
"765","Assassin's Creed","$240,697,856","$54,647,948","22.7%","$186,049,908","77.3%",2016
"766","Click","$240,685,326","$137,355,633","57.1%","$103,329,693","42.9%",2006
"767","Jiang Ziya","$240,646,355","$214,670","<0.1%","$240,431,685","99.9%",2020
"768","Planes","$240,171,783","$90,288,712","37.6%","$149,883,071","62.4%",2013
"769","Resident Evil: Retribution","$240,159,255","$42,345,531","17.6%","$197,813,724","82.4%",2012
"770","Die Hard 2","$240,031,274","$117,540,947","49%","$122,490,327","51%",1990
"771","Crocodile Dundee II","$239,606,210","$109,306,210","45.6%","$130,300,000","54.4%",1988
"772","Crazy Rich Asians","$239,343,729","$174,837,452","73%","$64,506,277","27%",2018
"773","Bullet Train","$239,268,602","$103,368,602","43.2%","$135,900,000","56.8%",2022
"774","Batman & Robin","$238,259,753","$107,353,792","45.1%","$130,905,961","54.9%",1997
"775","Hidden Figures","$237,613,666","$169,607,287","71.4%","$68,006,379","28.6%",2016
"776","Gulliver's Travels","$237,382,724","$42,779,261","18%","$194,603,463","82%",2010
"777","Gone in 60 Seconds","$237,202,299","$101,648,571","42.8%","$135,553,728","57.2%",2000
"778","Green Lantern","$237,201,172","$116,601,172","49.2%","$120,600,000","50.8%",2011
"779","Saturday Night Fever","$237,113,184","$94,213,184","39.7%","$142,900,000","60.3%",1977
"780","Silver Linings Playbook","$236,412,453","$132,092,958","55.9%","$104,319,495","44.1%",2012
"781","2 Fast 2 Furious","$236,353,236","$127,154,901","53.8%","$109,198,335","46.2%",2003
"782","A.I. Artificial Intelligence","$235,926,635","$78,616,689","33.3%","$157,309,946","66.7%",2001
"783","Dead Poets Society","$235,860,116","$95,860,116","40.6%","$140,000,000","59.4%",1989
"784","Spy","$235,666,219","$110,825,712","47%","$124,840,507","53%",2015
"785","American Pie","$235,483,004","$102,561,004","43.6%","$132,922,000","56.4%",1999
"786","American Reunion","$234,989,584","$57,011,521","24.3%","$177,978,063","75.7%",2012
"787","Big Daddy","$234,801,895","$163,479,795","69.6%","$71,322,100","30.4%",1999
"788","Alvin and the Chipmunks: The Road Chip","$234,798,636","$85,886,987","36.6%","$148,911,649","63.4%",2015
"789","The Imitation Game","$233,555,708","$91,125,683","39%","$142,430,025","61%",2014
"790","Cruella","$233,503,234","$86,103,234","36.9%","$147,400,000","63.1%",2021
"791","The Day the Earth Stood Still","$233,093,859","$79,366,978","34%","$153,726,881","66%",2008
"792","American Wedding","$232,722,935","$104,565,114","44.9%","$128,157,821","55.1%",2003
"793","The Girl with the Dragon Tattoo","$232,617,430","$102,515,793","44.1%","$130,101,637","55.9%",2011
"794","Juno","$232,373,066","$143,495,265","61.8%","$88,877,801","38.2%",2007
"795","Argo","$232,325,503","$136,025,503","58.6%","$96,300,000","41.4%",2012
"796","Mr. Bean's Holiday","$232,225,908","$33,302,167","14.3%","$198,923,741","85.7%",2007
"797","The English Patient","$231,976,425","$78,676,425","33.9%","$153,300,000","66.1%",1996
"798","Sister Act","$231,605,150","$139,605,150","60.3%","$92,000,000","39.7%",1992
"799","Annabelle Comes Home","$231,252,591","$74,152,591","32.1%","$157,100,000","67.9%",2019
"800","Constantine","$230,885,289","$75,976,178","32.9%","$154,909,111","67.1%",2005
"801","Get Smart","$230,685,453","$130,319,208","56.5%","$100,366,245","43.5%",2008
"802","Space Jam","$230,594,962","$90,594,962","39.3%","$140,000,000","60.7%",1996
"803","Elf","$230,266,511","$178,053,220","77.3%","$52,213,291","22.7%",2003
"804","Life Is Beautiful","$230,099,013","$57,563,264","25%","$172,535,749","75%",1998
"805","The Heat","$229,930,771","$159,582,188","69.4%","$70,348,583","30.6%",2013
"806","Ghostbusters","$229,147,509","$128,350,574","56%","$100,796,935","44%",2016
"807","Ghost Rider","$228,738,393","$115,802,596","50.6%","$112,935,797","49.4%",2007
"808","Goodbye Mr. Loser","$228,122,928","$1,293,626","0.6%","$226,829,302","99.4%",2015
"809","Sleepless in Seattle","$227,927,165","$126,808,165","55.6%","$101,119,000","44.4%",1993
"810","Lethal Weapon 2","$227,853,986","$147,253,986","64.6%","$80,600,000","35.4%",1989
"811","The Green Hornet","$227,817,248","$98,780,042","43.4%","$129,037,206","56.6%",2011
"812","Out of Africa","$227,514,205","$87,071,205","38.3%","$140,443,000","61.7%",1985
"813","Better Days","$227,140,557","$1,921,657","0.8%","$225,218,900","99.2%",2019
"814","Youth","$227,091,290","$1,891,956","0.8%","$225,199,334","99.2%",2017
"815","Baby Driver","$226,945,087","$107,825,862","47.5%","$119,119,225","52.5%",2017
"816","Immortals","$226,904,017","$83,504,017","36.8%","$143,400,000","63.2%",2011
"817","Taken","$226,837,760","$145,000,989","63.9%","$81,836,771","36.1%",2008
"818","Percy Jackson & the Olympians: The Lightning Thief","$226,497,209","$88,768,303","39.2%","$137,728,906","60.8%",2010
"819","Lightyear","$226,425,420","$118,307,188","52.2%","$108,118,232","47.8%",2022
"820","Hansel & Gretel: Witch Hunters","$226,349,749","$55,703,475","24.6%","$170,646,274","75.4%",2013
"821","Ford v Ferrari","$226,299,480","$117,624,357","52%","$108,675,123","48%",2019
"822","Valerian and the City of a Thousand Planets","$225,973,340","$41,189,488","18.2%","$184,783,852","81.8%",2017
"823","Good Will Hunting","$225,933,435","$138,433,435","61.3%","$87,500,000","38.7%",1997
"824","Jumper","$225,132,113","$80,172,128","35.6%","$144,959,985","64.4%",2008
"825","The Social Network","$224,927,749","$96,962,694","43.1%","$127,965,055","56.9%",2010
"826","Chicken Run","$224,888,359","$106,834,564","47.5%","$118,053,795","52.5%",2000
"827","Con Air","$224,012,234","$101,117,573","45.1%","$122,894,661","54.9%",1997
"828","Interview with the Vampire","$223,664,608","$105,264,608","47.1%","$118,400,000","52.9%",1994
"829","Flightplan","$223,387,299","$89,707,299","40.2%","$133,680,000","59.8%",2005
"830","Yes Man","$223,241,637","$97,690,976","43.8%","$125,550,661","56.2%",2008
"831","Non-Stop","$222,809,600","$92,168,600","41.4%","$130,641,000","58.6%",2014
"832","Honey, I Shrunk the Kids","$222,724,172","$130,724,172","58.7%","$92,000,000","41.3%",1989
"833","The Bad Guys 2","$222,721,381","$81,222,200","36.5%","$141,499,181","63.5%",2025
"834","Fahrenheit 9/11","$222,446,882","$119,194,771","53.6%","$103,252,111","46.4%",2004
"835","Napoleon","$222,435,664","$61,524,375","27.7%","$160,911,289","72.3%",2023
"836","Wild Wild West","$222,104,681","$113,804,681","51.2%","$108,300,000","48.8%",1999
"837","Geostorm","$221,900,160","$33,700,160","15.2%","$188,200,000","84.8%",2017
"838","My Country, My Parents","$221,831,086","$177,133","<0.1%","$221,653,953","99.9%",2021
"839","The Help","$221,802,186","$169,708,112","76.5%","$52,094,074","23.5%",2011
"840","Presumed Innocent","$221,303,188","$86,303,188","39%","$135,000,000","61%",1990
"841","Suzume","$221,179,778","$10,932,037","4.9%","$210,247,741","95.1%",2022
"842","Jungle Cruise","$220,889,446","$116,987,516","53%","$103,901,930","47%",2021
"843","Scary Movie 3","$220,673,217","$110,003,217","49.8%","$110,670,000","50.2%",2003
"844","Anyone But You","$220,332,985","$88,319,668","40.1%","$132,013,317","59.9%",2023
"845","Collateral","$220,241,086","$101,005,703","45.9%","$119,235,383","54.1%",2004
"846","Inferno","$220,021,259","$34,343,574","15.6%","$185,677,685","84.4%",2016
"847","Knocked Up","$219,922,417","$148,768,917","67.6%","$71,153,500","32.4%",2007
"848","What Happens in Vegas","$219,375,562","$80,277,646","36.6%","$139,097,916","63.4%",2008
"849","It's Complicated","$219,103,655","$112,735,375","51.4%","$106,368,280","48.6%",2009
"850","The Terminal","$219,100,084","$77,872,883","35.5%","$141,227,201","64.5%",2004
"851","Captain Phillips","$218,791,811","$107,100,855","49%","$111,690,956","51%",2013
"852","The Prince of Egypt","$218,613,188","$101,413,188","46.4%","$117,200,000","53.6%",1998
"853","Jack Reacher","$218,340,595","$80,070,736","36.7%","$138,269,859","63.3%",2012
"854","Boonie Bears: Guardian Code","$218,075,304","-","-","$218,075,304","100%",2023
"855","Smallfoot","$218,015,531","$83,315,531","38.2%","$134,700,000","61.8%",2018
"856","The Emoji Movie","$217,776,646","$86,089,513","39.5%","$131,687,133","60.5%",2017
"857","Smile","$217,408,513","$105,935,048","48.7%","$111,473,465","51.3%",2022
"858","Too Cool to Kill","$217,254,604","$185,882","<0.1%","$217,068,722","99.9%",2022
"859","Dracula Untold","$217,124,280","$56,280,355","25.9%","$160,843,925","74.1%",2014
"860","Central Intelligence","$216,940,871","$127,440,871","58.7%","$89,500,000","41.3%",2016
"861","Million Dollar Baby","$216,763,646","$100,492,203","46.4%","$116,271,443","53.6%",2004
"862","Twins","$216,614,388","$111,938,388","51.7%","$104,676,000","48.3%",1988
"863","Valentine's Day","$216,528,528","$110,528,528","51%","$106,000,000","49%",2010
"864","Superman II","$216,385,706","$108,185,706","50%","$108,200,000","50%",1981
"865","Bad Teacher","$216,197,492","$100,292,856","46.4%","$115,904,636","53.6%",2011
"866","A Little Red Flower","$216,000,000","-","-","$216,000,000","100%",2020
"867","The Croods: A New Age","$215,905,815","$58,568,815","27.1%","$157,337,000","72.9%",2020
"868","Clear and Present Danger","$215,887,717","$122,187,717","56.6%","$93,700,000","43.4%",1994
"869","One Hundred and One Dalmatians","$215,880,014","$144,880,014","67.1%","$71,000,000","32.9%",1961
"870","Ted 2","$215,863,606","$81,476,385","37.7%","$134,387,221","62.3%",2015
"871","Dracula","$215,862,692","$82,522,790","38.2%","$133,339,902","61.8%",1992
"872","Vertical Limit","$215,663,859","$69,243,859","32.1%","$146,420,000","67.9%",2000
"873","Ghostbusters II","$215,394,738","$112,494,738","52.2%","$102,900,000","47.8%",1989
"874","The Patriot","$215,294,342","$113,330,342","52.6%","$101,964,000","47.4%",2000
"875","The Sorcerer's Apprentice","$215,283,742","$63,150,991","29.3%","$152,132,751","70.7%",2010
"876","Just Go with It","$214,945,591","$103,028,109","47.9%","$111,917,482","52.1%",2011
"877","The Expendables 3","$214,657,577","$39,322,544","18.3%","$175,335,033","81.7%",2014
"878","Dirty Dancing","$214,577,242","$64,577,242","30.1%","$150,000,000","69.9%",1987
"879","Creed II","$214,215,889","$115,715,889","54%","$98,500,000","46%",2018
"880","Kingdom of Heaven","$214,166,914","$47,527,678","22.2%","$166,639,236","77.8%",2005
"881","Public Enemies","$214,104,620","$97,104,620","45.4%","$117,000,000","54.6%",2009
"882","The Bourne Identity","$214,034,224","$121,661,683","56.8%","$92,372,541","43.2%",2002
"883","Disclosure","$214,015,089","$83,015,089","38.8%","$131,000,000","61.2%",1994
"884","Crouching Tiger, Hidden Dragon","$213,979,405","$128,530,421","60.1%","$85,448,984","39.9%",2000
"885","Pulp Fiction","$213,928,762","$107,928,762","50.4%","$106,000,000","49.6%",1994
"886","The Aviator","$213,719,942","$102,610,330","48%","$111,109,612","52%",2004
"887","Braveheart","$213,216,216","$75,609,945","35.5%","$137,606,271","64.5%",1995
"888","Into the Woods","$212,902,959","$128,002,372","60.1%","$84,900,587","39.9%",2014
"889","Bedtime Stories","$212,874,864","$110,101,975","51.7%","$102,772,889","48.3%",2008
"890","Arrival","$212,758,656","$100,546,139","47.3%","$112,212,517","52.7%",2016
"891","Miss Congeniality","$212,758,130","$106,807,667","50.2%","$105,950,463","49.8%",2000
"892","Entrapment","$212,404,396","$87,704,396","41.3%","$124,700,000","58.7%",1999
"893","Ace Ventura: When Nature Calls","$212,385,533","$108,385,533","51%","$104,000,000","49%",1995
"894","End of Days","$211,989,043","$66,889,043","31.6%","$145,100,000","68.4%",1999
"895","Bridget Jones's Baby","$211,952,420","$24,252,420","11.4%","$187,700,000","88.6%",2016
"896","Fury","$211,822,697","$85,817,906","40.5%","$126,004,791","59.5%",2014
"897","Battle Los Angeles","$211,819,354","$83,552,429","39.4%","$128,266,925","60.6%",2011
"898","Australia","$211,802,831","$49,554,002","23.4%","$162,248,829","76.6%",2008
"899","Due Date","$211,780,824","$100,539,043","47.5%","$111,241,781","52.5%",2010
"900","Master and Commander: The Far Side of the World","$211,623,421","$93,927,920","44.4%","$117,695,501","55.6%",2003
"901","A Series of Unfortunate Events","$211,468,235","$118,634,549","56.1%","$92,833,686","43.9%",2004
"902","The Little Mermaid","$211,343,479","$111,543,479","52.8%","$99,800,000","47.2%",1989
"903","Nice View","$211,019,042","-","-","$211,019,042","100%",2022
"904","District 9","$210,889,681","$115,646,235","54.8%","$95,243,446","45.2%",2009
"905","Moonraker","$210,308,099","$70,308,099","33.4%","$140,000,000","66.6%",1979
"906","The Others","$210,002,906","$96,578,502","46%","$113,424,404","54%",2001
"907","Horrible Bosses","$209,838,559","$117,538,559","56%","$92,300,000","44%",2011
"908","Trolls Band Together","$209,646,030","$103,270,155","49.3%","$106,375,875","50.7%",2023
"909","Us and Them","$209,221,380","-","-","$209,221,380","100%",2018
"910","Red Dragon","$209,196,298","$93,149,898","44.5%","$116,046,400","55.5%",2002
"911","Tomorrowland","$209,035,668","$93,436,322","44.7%","$115,599,346","55.3%",2015
"912","Me Before You","$208,450,780","$56,245,075","27%","$152,205,705","73%",2016
"913","Safe House","$208,076,205","$126,373,434","60.7%","$81,702,771","39.3%",2012
"914","S.W.A.T.","$207,725,639","$116,934,650","56.3%","$90,790,989","43.7%",2003
"915","DC League of Super-Pets","$207,557,117","$93,657,117","45.1%","$113,900,000","54.9%",2022
"916","The Fast and the Furious","$207,517,995","$144,745,925","69.8%","$62,772,070","30.2%",2001
"917","Traffic","$207,515,725","$124,115,725","59.8%","$83,400,000","40.2%",2000
"918","Joker: Folie à Deux","$207,500,287","$58,300,287","28.1%","$149,200,000","71.9%",2024
"919","Paranormal Activity 3","$207,039,844","$104,028,807","50.2%","$103,011,037","49.8%",2011
"920","Philadelphia","$206,678,440","$77,446,440","37.5%","$129,232,000","62.5%",1993
"921","Ponyo","$206,501,407","$16,543,471","8%","$189,957,936","92%",2008
"922","The Conjuring: The Devil Made Me Do It","$206,444,123","$65,631,050","31.8%","$140,813,073","68.2%",2021
"923","The Marvels","$206,136,825","$84,500,223","41%","$121,636,602","59%",2023
"924","Sleepy Hollow","$206,071,526","$101,071,502","49%","$105,000,024","51%",1999
"925","The Jungle Book","$205,843,612","$141,843,612","68.9%","$64,000,000","31.1%",1967
"926","Raging Fire","$205,842,393","$385,305","0.2%","$205,457,088","99.8%",2021
"927","London Has Fallen","$205,754,447","$62,524,260","30.4%","$143,230,187","69.6%",2016
"928","Snow White","$205,679,463","$87,203,963","42.4%","$118,475,500","57.6%",2025
"929","The Break-Up","$205,668,210","$118,703,275","57.7%","$86,964,935","42.3%",2006
"930","Journey to the West: Conquering the Demons","$205,637,183","$18,058","<0.1%","$205,619,125","100%",2013
"931","The Ugly Truth","$205,599,393","$88,915,214","43.2%","$116,684,179","56.8%",2009
"932","Birds of Prey and the Fantabulous Emancipation of One Harley Quinn","$205,537,933","$84,172,791","41%","$121,365,142","59%",2020
"933","Dungeons & Dragons: Honor Among Thieves","$205,460,387","$93,549,650","45.5%","$111,910,737","54.5%",2023
"934","JFK","$205,405,498","$70,405,498","34.3%","$135,000,000","65.7%",1991
"935","White House Down","$205,366,737","$73,103,784","35.6%","$132,262,953","64.4%",2013
"936","The Holiday","$205,219,880","$63,224,849","30.8%","$141,995,031","69.2%",2006
"937","PAW Patrol: The Mighty Movie","$205,098,869","$65,343,309","31.9%","$139,755,560","68.1%",2023
"938","A Dog's Purpose","$205,035,819","$64,508,620","31.5%","$140,527,199","68.5%",2017
"939","Fun with Dick and Jane","$204,681,899","$110,332,737","53.9%","$94,349,162","46.1%",2005
"940","Eat Pray Love","$204,596,571","$80,574,010","39.4%","$124,022,561","60.6%",2010
"941","Ghostbusters: Afterlife","$204,445,747","$129,471,867","63.3%","$74,973,880","36.7%",2021
"942","The Addams Family","$204,394,183","$100,723,831","49.3%","$103,670,352","50.7%",2019
"943","You Don't Mess with the Zohan","$204,313,400","$100,018,837","49%","$104,294,563","51%",2008
"944","Hairspray","$203,631,405","$118,946,291","58.4%","$84,685,114","41.6%",2007
"945","King Arthur","$203,567,857","$51,882,244","25.5%","$151,685,613","74.5%",2004
"946","Yogi Bear","$203,509,374","$100,246,011","49.3%","$103,263,363","50.7%",2010
"947","Everest","$203,427,584","$43,482,270","21.4%","$159,945,314","78.6%",2015
"948","Vanilla Sky","$203,388,341","$100,618,344","49.5%","$102,769,997","50.5%",2001
"949","Need for Speed","$203,277,636","$43,577,636","21.4%","$159,700,000","78.6%",2014
"950","Garfield: The Movie","$203,172,417","$75,369,589","37.1%","$127,802,828","62.9%",2004
"951","Patch Adams","$202,292,902","$135,026,902","66.8%","$67,266,000","33.2%",1998
"952","Teenage Mutant Ninja Turtles","$202,084,756","$135,384,756","67%","$66,700,000","33%",1990
"953","Ghostbusters: Frozen Empire","$201,967,521","$113,376,590","56.1%","$88,590,931","43.9%",2024
"954","Kindergarten Cop","$201,957,688","$91,457,688","45.3%","$110,500,000","54.7%",1990
"955","Straight Outta Compton","$201,634,991","$161,197,785","80%","$40,437,206","20%",2015
"956","21 Jump Street","$201,585,556","$138,447,667","68.7%","$63,137,889","31.3%",2012
"957","Valkyrie","$201,545,517","$83,077,833","41.2%","$118,467,684","58.8%",2008
"958","Open Season","$200,811,689","$85,105,259","42.4%","$115,706,430","57.6%",2006
"959","Cats & Dogs","$200,687,492","$93,385,515","46.5%","$107,301,977","53.5%",2001
"960","The Hunt for Red October","$200,512,643","$122,012,643","60.8%","$78,500,000","39.2%",1990
"961","Percy Jackson: Sea of Monsters","$199,850,315","$68,559,554","34.3%","$131,290,761","65.7%",2013
"962","The Lego Movie 2: The Second Part","$199,603,202","$105,956,290","53.1%","$93,646,912","46.9%",2019
"963","Two Weeks Notice","$199,043,471","$93,354,851","46.9%","$105,688,620","53.1%",2002
"964","RED","$199,006,387","$90,380,162","45.4%","$108,626,225","54.6%",2010
"965","Shock Wave 2","$198,921,659","-","-","$198,921,659","100%",2020
"966","City of Angels","$198,685,114","$78,685,114","39.6%","$120,000,000","60.4%",1998
"967","The Pacifier","$198,636,868","$113,086,868","56.9%","$85,550,000","43.1%",2005
"968","50 First Dates","$198,520,934","$120,908,074","60.9%","$77,612,860","39.1%",2004
"969","Total Recall","$198,467,607","$58,877,969","29.7%","$139,589,638","70.3%",2012
"970","The Island","$198,326,350","$670,883","0.3%","$197,655,467","99.7%",2018
"971","The Impossible","$198,087,212","$19,019,882","9.6%","$179,067,330","90.4%",2012
"972","Lost in Thailand","$197,757,387","$57,387","<0.1%","$197,700,000","100%",2012
"973","Christopher Robin","$197,744,825","$99,215,042","50.2%","$98,529,783","49.8%",2018
"974","Jack the Giant Slayer","$197,687,603","$65,187,603","33%","$132,500,000","67%",2013
"975","Smurfs: The Lost Village","$197,183,546","$45,020,282","22.8%","$152,163,264","77.2%",2017
"976","Chinese Doctors","$197,143,218","-","-","$197,143,218","100%",2021
"977","Spy Kids 3: Game Over","$197,101,678","$111,761,982","56.7%","$85,339,696","43.3%",2003
"978","Panic Room","$197,079,546","$96,397,334","48.9%","$100,682,212","51.1%",2002
"979","The Other Woman","$196,710,396","$83,911,193","42.7%","$112,799,203","57.3%",2014
"980","Stargate","$196,567,262","$71,567,262","36.4%","$125,000,000","63.6%",1994
"981","Beowulf","$196,393,745","$82,280,579","41.9%","$114,113,166","58.1%",2007
"982","The Vow","$196,114,570","$125,014,030","63.8%","$71,100,540","36.2%",2012
"983","Anger Management","$195,745,823","$135,645,823","69.3%","$60,100,000","30.7%",2003
"984","Tropic Thunder","$195,703,708","$110,515,313","56.5%","$85,188,395","43.5%",2008
"985","Rocketman","$195,320,400","$96,368,160","49.3%","$98,952,240","50.7%",2019
"986","The Pelican Brief","$195,268,056","$100,768,056","51.6%","$94,500,000","48.4%",1993
"987","The Shape of Water","$195,243,464","$63,859,435","32.7%","$131,384,029","67.3%",2017
"988","The BFG","$195,243,411","$55,483,770","28.4%","$139,759,641","71.6%",2016
"989","The Intern","$194,764,672","$75,764,672","38.9%","$119,000,000","61.1%",2015
"990","Downton Abbey","$194,694,725","$96,853,865","49.8%","$97,840,860","50.2%",2019
"991","Gnomeo & Juliet","$193,967,670","$99,967,670","51.5%","$94,000,000","48.5%",2011
"992","The Sum of All Fears","$193,921,372","$118,907,036","61.3%","$75,014,336","38.7%",2002
"993","Gangs of New York","$193,772,504","$77,812,000","40.2%","$115,960,504","59.8%",2002
"994","The Post","$193,764,664","$81,903,458","42.3%","$111,861,206","57.7%",2017
"995","The Monkey King 2","$193,678,298","$709,982","0.4%","$192,968,316","99.6%",2016
"996","Paranormal Activity","$193,355,933","$107,918,810","55.8%","$85,437,123","44.2%",2009
"997","The Lost City","$192,907,684","$105,344,029","54.6%","$87,563,655","45.4%",2022
"998","Wallace & Gromit: The Curse of the Were-Rabbit","$192,781,882","$56,110,897","29.1%","$136,670,985","70.9%",2005
"999","Weathering with You","$192,729,404","$8,056,636","4.2%","$184,672,768","95.8%",2019
"1,000","The Equalizer","$192,330,738","$101,530,738","52.8%","$90,800,000","47.2%",2014
